item,condition,sentence,baseline,recon_L14,recon_L18,recon_L20,recon_L22,recon_all,ablate_L22_F6415_general,ablate_L20_F31666_general,ablate_L14_F51903_negspec,ablate_CONTROL_L22_F22498,ablate_COMBINED,effect_L22_F6415_general,effect_L20_F31666_general,effect_L14_F51903_negspec,effect_CONTROL_L22_F22498,effect_COMBINED,environment
1,A,The manager did not approve any proposals.,-4.864857196807861,-4.178833484649658,-4.013101577758789,-4.447484016418457,-4.700538635253906,-3.843413829803467,-6.280591011047363,-6.535187721252441,-4.438924789428711,-4.700538635253906,-6.601940155029297,1.580052375793457,2.0877037048339844,0.26009130477905273,0.0,2.75852632522583,sentential_negation
1,B,The manager who did not approve the budget reviewed any proposals.,-6.9254841804504395,-7.131079196929932,-6.5177412033081055,-6.808355331420898,-6.270460605621338,-7.456914901733398,-7.261965751647949,-8.113115310668945,-7.131079196929932,-6.270460605621338,-7.414000988006592,0.9915051460266113,1.3047599792480469,0.0,0.0,-0.04291391372680664,sentential_negation
1,C,The manager did approve any proposals.,-7.951018333435059,-8.463241577148438,-6.933359622955322,-7.096384048461914,-7.4700798988342285,-6.267745494842529,-7.4700798988342285,-7.096384048461914,-8.463241577148438,-7.4700798988342285,-6.89124059677124,0.0,0.0,0.0,0.0,0.6234951019287109,sentential_negation
2,A,The teacher has not assigned any homework.,-1.6143462657928467,-1.8381187915802002,-1.756547212600708,-1.966774344444275,-1.8841164112091064,-2.6675169467926025,-3.0378198623657227,-4.554502010345459,-2.222696304321289,-1.997921347618103,-6.988691329956055,1.1537034511566162,2.587727665901184,0.38457751274108887,0.11380493640899658,4.321174383163452,sentential_negation
2,B,The teacher who has not finished the grading assigned any homework.,-10.171202659606934,-10.261861801147461,-9.272491455078125,-9.745182037353516,-9.4276704788208,-8.627447128295898,-10.442482948303223,-10.706104278564453,-10.261861801147461,-9.4276704788208,-10.975934028625488,1.0148124694824219,0.9609222412109375,0.0,0.0,2.34848690032959,sentential_negation
2,C,The teacher has assigned any homework.,-10.26069164276123,-10.203640937805176,-9.264427185058594,-10.918984413146973,-11.538705825805664,-10.28289794921875,-11.538705825805664,-10.918984413146973,-10.203640937805176,-11.538705825805664,-9.61022663116455,0.0,0.0,0.0,0.0,-0.6726713180541992,sentential_negation
3,A,The committee did not consider any alternatives.,-2.5173206329345703,-2.6139328479766846,-2.5536935329437256,-2.5538992881774902,-2.473416805267334,-3.0354666709899902,-3.5368499755859375,-4.527325630187988,-2.850771427154541,-2.473416805267334,-5.576992988586426,1.0634331703186035,1.973426342010498,0.23683857917785645,0.0,2.5415263175964355,sentential_negation
3,B,The committee that did not meet last week considered any alternatives.,-9.0357027053833,-8.038832664489746,-7.444576263427734,-7.153602600097656,-7.656540393829346,-6.630685806274414,-7.656540393829346,-7.153602600097656,-8.038832664489746,-7.656540393829346,-7.104516506195068,0.0,0.0,0.0,0.0,0.4738306999206543,sentential_negation
3,C,The committee did consider any alternatives.,-7.526173114776611,-6.751568794250488,-7.463576316833496,-7.18875789642334,-7.238784313201904,-6.387946128845215,-7.238784313201904,-7.18875789642334,-6.751568794250488,-7.238784313201904,-6.504317283630371,0.0,0.0,0.0,0.0,0.11637115478515625,sentential_negation
4,A,The doctor has not recommended any treatment.,-1.6794533729553223,-2.1302571296691895,-1.9577946662902832,-1.7126317024230957,-1.9119118452072144,-3.015031576156616,-2.799999475479126,-3.62903094291687,-2.740112066268921,-2.044226884841919,-7.229735851287842,0.8880876302719116,1.9163992404937744,0.6098549365997314,0.1323150396347046,4.214704275131226,sentential_negation
4,B,The doctor who has not seen the results recommended any treatment.,-6.4060773849487305,-6.569769382476807,-6.541464805603027,-6.903431415557861,-7.369657039642334,-8.46249008178711,-8.556753158569336,-8.492179870605469,-6.569769382476807,-7.369657039642334,-8.791437149047852,1.187096118927002,1.5887484550476074,0.0,0.0,0.3289470672607422,sentential_negation
4,C,The doctor has recommended any treatment.,-10.708168029785156,-10.395523071289062,-8.69970989227295,-9.914508819580078,-9.370821952819824,-8.855544090270996,-9.370821952819824,-9.914508819580078,-10.395523071289062,-9.370821952819824,-7.93375301361084,0.0,0.0,0.0,0.0,-0.9217910766601562,sentential_negation
5,A,The company did not hire any contractors.,-2.2231478691101074,-2.252910614013672,-2.059783935546875,-2.356194019317627,-2.3180394172668457,-2.5397021770477295,-3.5145843029022217,-5.159906387329102,-2.6498806476593018,-2.3180394172668457,-7.082855224609375,1.196544885635376,2.8037123680114746,0.3969700336456299,0.0,4.5431530475616455,sentential_negation
5,B,The company that did not post the earnings hired any contractors.,-11.600415229797363,-10.608283996582031,-9.693076133728027,-11.076626777648926,-9.425244331359863,-8.247113227844238,-9.425244331359863,-11.076626777648926,-10.608283996582031,-9.425244331359863,-8.43255615234375,0.0,0.0,0.0,0.0,0.18544292449951172,sentential_negation
5,C,The company did hire any contractors.,-8.838064193725586,-8.95228385925293,-9.201583862304688,-11.224504470825195,-9.412549018859863,-9.284215927124023,-9.412549018859863,-11.224504470825195,-8.95228385925293,-9.412549018859863,-9.339316368103027,0.0,0.0,0.0,0.0,0.055100440979003906,sentential_negation
6,A,The researcher did not find any evidence.,-1.123982310295105,-1.2950938940048218,-1.0006756782531738,-1.1293388605117798,-1.0010075569152832,-1.254708170890808,-1.5646846294403076,-2.7490086555480957,-1.4417316913604736,-1.0831090211868286,-4.422467231750488,0.5636770725250244,1.619669795036316,0.14663779735565186,0.08210146427154541,3.16775906085968,sentential_negation
6,B,The researcher who did not publish the paper found any evidence.,-6.624617576599121,-7.329225540161133,-6.018666744232178,-6.994779586791992,-7.1399078369140625,-8.756624221801758,-9.547369003295898,-8.916664123535156,-7.329225540161133,-7.1399078369140625,-8.994653701782227,2.407461166381836,1.921884536743164,0.0,0.0,0.23802947998046875,sentential_negation
6,C,The researcher did find any evidence.,-5.987717628479004,-8.520992279052734,-8.941547393798828,-7.4806318283081055,-8.347064971923828,-8.723786354064941,-8.347064971923828,-9.339920997619629,-8.520992279052734,-8.347064971923828,-8.307943344116211,0.0,1.8592891693115234,0.0,0.0,-0.41584300994873047,sentential_negation
7,A,The chef did not use any butter.,-1.9896810054779053,-2.116760730743408,-1.963014841079712,-2.070895195007324,-2.1211342811584473,-2.2988688945770264,-3.7132318019866943,-5.004083156585693,-2.8279008865356445,-2.1211342811584473,-6.500763893127441,1.592097520828247,2.933187961578369,0.7111401557922363,0.0,4.201894998550415,sentential_negation
7,B,The chef who did not prepare the appetizer used any butter.,-7.224978446960449,-7.922002792358398,-7.887782096862793,-8.40693473815918,-8.513318061828613,-7.5410542488098145,-8.513318061828613,-8.40693473815918,-7.922002792358398,-8.513318061828613,-8.016218185424805,0.0,0.0,0.0,0.0,0.47516393661499023,sentential_negation
7,C,The chef did use any butter.,-7.079164028167725,-6.994090557098389,-6.390939712524414,-7.815644264221191,-8.786274909973145,-7.731994152069092,-8.786274909973145,-9.04934024810791,-7.700854778289795,-8.786274909973145,-8.330544471740723,0.0,1.2336959838867188,0.7067642211914062,0.0,0.5985503196716309,sentential_negation
8,A,The pilot did not report any turbulence.,-1.0247644186019897,-1.556234359741211,-1.0451056957244873,-1.0580806732177734,-0.9925681352615356,-1.4379560947418213,-1.5370047092437744,-2.297987461090088,-1.897072434425354,-1.170281171798706,-4.638607978820801,0.5444365739822388,1.2399067878723145,0.34083807468414307,0.1777130365371704,3.2006518840789795,sentential_negation
8,B,The pilot who did not complete the checklist reported any turbulence.,-7.470749378204346,-7.6576337814331055,-8.336942672729492,-6.434930324554443,-8.035577774047852,-6.32292366027832,-8.035577774047852,-6.434930324554443,-7.6576337814331055,-8.035577774047852,-6.945660591125488,0.0,0.0,0.0,0.0,0.622736930847168,sentential_negation
8,C,The pilot did report any turbulence.,-6.38551139831543,-8.207125663757324,-6.515476226806641,-8.525700569152832,-7.872274875640869,-9.865546226501465,-7.872274875640869,-8.525700569152832,-8.207125663757324,-7.872274875640869,-8.155360221862793,0.0,0.0,0.0,0.0,-1.7101860046386719,sentential_negation
9,A,The bank did not offer any discounts.,-1.049039363861084,-1.0753614902496338,-1.2028034925460815,-1.1886430978775024,-1.0640448331832886,-1.5176175832748413,-2.170414447784424,-3.253129482269287,-1.130893588066101,-1.1928975582122803,-6.646226406097412,1.1063696146011353,2.0644863843917847,0.055532097816467285,0.1288527250289917,5.128608822822571,sentential_negation
9,B,The bank that did not update the system offered any discounts.,-8.533849716186523,-8.882919311523438,-8.85594367980957,-8.294841766357422,-7.964530944824219,-7.225099563598633,-7.964530944824219,-8.294841766357422,-8.882919311523438,-7.964530944824219,-7.86917781829834,0.0,0.0,0.0,0.0,0.644078254699707,sentential_negation
9,C,The bank did offer any discounts.,-7.113316059112549,-7.679200172424316,-7.5341691970825195,-8.874946594238281,-7.265838146209717,-7.0454535484313965,-7.265838146209717,-8.874946594238281,-7.679200172424316,-7.265838146209717,-7.128868579864502,0.0,0.0,0.0,0.0,0.08341503143310547,sentential_negation
10,A,The inspector did not notice any damage.,-1.5027498006820679,-1.8616070747375488,-1.522654414176941,-1.5752118825912476,-1.497761607170105,-2.1098740100860596,-2.384467601776123,-3.072559356689453,-2.1151604652404785,-1.5985087156295776,-4.79836368560791,0.8867059946060181,1.4973474740982056,0.2535533905029297,0.10074710845947266,2.6884896755218506,sentential_negation
10,B,The inspector who did not review the footage noticed any damage.,-7.731605529785156,-8.457019805908203,-8.97928237915039,-8.215705871582031,-9.328150749206543,-9.891119956970215,-10.598067283630371,-8.215705871582031,-8.457019805908203,-9.328150749206543,-10.410771369934082,1.2699165344238281,0.0,0.0,0.0,0.5196514129638672,sentential_negation
10,C,The inspector did notice any damage.,-5.949821949005127,-6.398437023162842,-6.737492561340332,-8.28235149383545,-7.494977951049805,-7.438042640686035,-7.494977951049805,-8.28235149383545,-6.398437023162842,-7.494977951049805,-7.050694942474365,0.0,0.0,0.0,0.0,-0.3873476982116699,sentential_negation
11,A,The students have not submitted any essays.,-1.9239596128463745,-2.0925941467285156,-2.1723411083221436,-2.122166872024536,-1.9398460388183594,-2.5930397510528564,-2.918586492538452,-4.419910907745361,-2.663635015487671,-1.9398460388183594,-6.246241092681885,0.9787404537200928,2.297744035720825,0.5710408687591553,0.0,3.6532013416290283,sentential_negation
11,B,The students who have not attended the lecture submitted any essays.,-6.122656345367432,-5.967247009277344,-7.000367641448975,-5.722545623779297,-7.185297966003418,-8.721922874450684,-7.185297966003418,-6.451597690582275,-5.967247009277344,-7.185297966003418,-8.563648223876953,0.0,0.7290520668029785,0.0,0.0,-0.15827465057373047,sentential_negation
11,C,The students have submitted any essays.,-10.990377426147461,-10.740303039550781,-10.291604042053223,-11.199817657470703,-9.988485336303711,-9.087879180908203,-9.988485336303711,-11.199817657470703,-10.740303039550781,-9.988485336303711,-10.01773738861084,0.0,0.0,0.0,0.0,0.9298582077026367,sentential_negation
12,A,The engineer did not detect any flaws.,-1.0720793008804321,-1.2225170135498047,-1.0955588817596436,-1.14619779586792,-1.1066415309906006,-1.2978973388671875,-1.6393218040466309,-2.540358066558838,-1.5482279062271118,-1.2445491552352905,-3.5656790733337402,0.5326802730560303,1.394160270690918,0.32571089267730713,0.13790762424468994,2.2677817344665527,sentential_negation
12,B,The engineer who did not run the simulation detected any flaws.,-7.512943744659424,-7.621654510498047,-6.532715320587158,-7.147219657897949,-7.041830062866211,-6.070018291473389,-7.041830062866211,-7.147219657897949,-7.621654510498047,-7.041830062866211,-6.605142116546631,0.0,0.0,0.0,0.0,0.5351238250732422,sentential_negation
12,C,The engineer did detect any flaws.,-5.084854602813721,-5.073101997375488,-5.848415374755859,-6.5762248039245605,-5.969567775726318,-5.895390510559082,-5.969567775726318,-6.5762248039245605,-5.073101997375488,-5.969567775726318,-6.3799147605896,0.0,0.0,0.0,0.0,0.4845242500305176,sentential_negation
13,A,The librarian has not catalogued any donations.,-2.923923969268799,-2.5076425075531006,-2.8777151107788086,-2.900603771209717,-3.0105786323547363,-3.143357038497925,-4.168034553527832,-5.096065998077393,-2.589937686920166,-3.0105786323547363,-7.164848327636719,1.1574559211730957,2.195462226867676,0.08229517936706543,0.0,4.021491289138794,sentential_negation
13,B,The librarian who has not sorted the returns catalogued any donations.,-6.8937201499938965,-7.507347583770752,-7.23171329498291,-6.7188568115234375,-5.978782653808594,-7.79685115814209,-6.730794906616211,-7.719588279724121,-7.507347583770752,-5.978782653808594,-7.243854522705078,0.7520122528076172,1.0007314682006836,0.0,0.0,-0.5529966354370117,sentential_negation
13,C,The librarian has catalogued any donations.,-8.36433219909668,-8.373847007751465,-8.170860290527344,-7.869088172912598,-8.026718139648438,-8.21239185333252,-8.026718139648438,-7.869088172912598,-8.373847007751465,-8.026718139648438,-8.016345977783203,0.0,0.0,0.0,0.0,-0.1960458755493164,sentential_negation
14,A,The officer did not file any complaints.,-2.0017588138580322,-2.0383949279785156,-1.9530106782913208,-2.2491891384124756,-1.9877420663833618,-2.4732227325439453,-3.236325740814209,-5.513422012329102,-2.5012664794921875,-2.0822556018829346,-9.512502670288086,1.2485836744308472,3.264232873916626,0.4628715515136719,0.09451353549957275,7.039279937744141,sentential_negation
14,B,The officer who did not interview the witness filed any complaints.,-10.009529113769531,-9.27550983428955,-9.176669120788574,-10.262962341308594,-11.324394226074219,-9.804259300231934,-11.324394226074219,-10.262962341308594,-9.27550983428955,-11.324394226074219,-10.503908157348633,0.0,0.0,0.0,0.0,0.6996488571166992,sentential_negation
14,C,The officer did file any complaints.,-7.443630695343018,-8.125800132751465,-7.98442268371582,-8.409419059753418,-7.719966411590576,-10.253786087036133,-8.71622085571289,-10.064031600952148,-8.125800132751465,-7.719966411590576,-10.372807502746582,0.9962544441223145,1.6546125411987305,0.0,0.0,0.11902141571044922,sentential_negation
15,A,The architect did not draft any blueprints.,-2.9377341270446777,-3.074967861175537,-3.187199354171753,-3.074589729309082,-2.7354278564453125,-3.262708902359009,-4.276504039764404,-5.762860298156738,-3.3489530086517334,-2.7354278564453125,-7.212966442108154,1.5410761833190918,2.6882705688476562,0.2739851474761963,0.0,3.9502575397491455,sentential_negation
15,B,The architect who did not visit the site drafted any blueprints.,-9.06873607635498,-8.222593307495117,-8.474337577819824,-8.65400505065918,-9.148900985717773,-8.570337295532227,-9.148900985717773,-8.65400505065918,-8.222593307495117,-9.148900985717773,-9.129197120666504,0.0,0.0,0.0,0.0,0.5588598251342773,sentential_negation
15,C,The architect did draft any blueprints.,-8.109298706054688,-8.295764923095703,-7.861617565155029,-8.653820991516113,-9.6452054977417,-9.123607635498047,-9.6452054977417,-8.653820991516113,-8.295764923095703,-9.6452054977417,-8.755805015563965,0.0,0.0,0.0,0.0,-0.36780261993408203,sentential_negation
16,A,The editor has not approved any articles.,-3.7683534622192383,-3.5537400245666504,-3.8821606636047363,-3.497068166732788,-3.5068626403808594,-3.5845460891723633,-4.913793563842773,-6.010193347930908,-3.7387773990631104,-3.5068626403808594,-6.137060165405273,1.406930923461914,2.51312518119812,0.18503737449645996,0.0,2.55251407623291,sentential_negation
16,B,The editor who has not read the manuscript approved any articles.,-10.741649627685547,-9.315369606018066,-11.090328216552734,-11.914453506469727,-11.316288948059082,-9.110982894897461,-11.316288948059082,-11.914453506469727,-9.315369606018066,-11.316288948059082,-10.492622375488281,0.0,0.0,0.0,0.0,1.3816394805908203,sentential_negation
16,C,The editor has approved any articles.,-10.646561622619629,-9.590768814086914,-9.960652351379395,-9.086264610290527,-9.662179946899414,-8.651738166809082,-9.662179946899414,-9.086264610290527,-9.590768814086914,-9.662179946899414,-8.517333984375,0.0,0.0,0.0,0.0,-0.13440418243408203,sentential_negation
17,A,The scientist did not observe any reactions.,-1.6127398014068604,-2.0014395713806152,-1.705923080444336,-1.6009904146194458,-1.6130566596984863,-2.501880168914795,-2.567646026611328,-3.774747371673584,-2.485820770263672,-1.7201045751571655,-6.6775126457214355,0.9545893669128418,2.173756957054138,0.48438119888305664,0.1070479154586792,4.175632476806641,sentential_negation
17,B,The scientist who did not calibrate the instrument observed any reactions.,-8.66634750366211,-9.51818561553955,-8.968424797058105,-9.173370361328125,-9.625386238098145,-7.570499897003174,-9.625386238098145,-9.173370361328125,-9.51818561553955,-9.625386238098145,-8.181487083435059,0.0,0.0,0.0,0.0,0.6109871864318848,sentential_negation
17,C,The scientist did observe any reactions.,-4.750692367553711,-4.812867164611816,-5.171310901641846,-5.9838175773620605,-5.573032379150391,-7.454063415527344,-6.6240410804748535,-7.812794208526611,-6.0607733726501465,-5.573032379150391,-9.050189971923828,1.051008701324463,1.8289766311645508,1.24790620803833,0.0,1.5961265563964844,sentential_negation
18,A,The agency did not receive any applications.,-1.1098108291625977,-1.295271873474121,-1.1396796703338623,-1.0332704782485962,-1.1436271667480469,-1.3310946226119995,-2.1449601650238037,-2.5964009761810303,-1.424668550491333,-1.2650259733200073,-4.6756672859191895,1.0013329982757568,1.563130497932434,0.12939667701721191,0.12139880657196045,3.34457266330719,sentential_negation
18,B,The agency that did not open the portal received any applications.,-8.312111854553223,-8.065539360046387,-8.524946212768555,-9.043898582458496,-9.581912994384766,-7.853551864624023,-9.581912994384766,-9.043898582458496,-8.065539360046387,-9.581912994384766,-8.64277458190918,0.0,0.0,0.0,0.0,0.7892227172851562,sentential_negation
18,C,The agency did receive any applications.,-6.217813491821289,-6.852972030639648,-6.330567359924316,-9.799301147460938,-8.180122375488281,-8.02133846282959,-9.291563987731934,-9.799301147460938,-6.852972030639648,-8.180122375488281,-7.873054504394531,1.1114416122436523,0.0,0.0,0.0,-0.1482839584350586,sentential_negation
19,A,The lawyer did not raise any objections.,-1.6684131622314453,-1.6945446729660034,-1.4948902130126953,-1.8664768934249878,-1.7689746618270874,-1.7904760837554932,-2.945638418197632,-4.475068092346191,-1.8935787677764893,-1.7689746618270874,-5.7754340171813965,1.1766637563705444,2.6085911989212036,0.19903409481048584,0.0,3.9849579334259033,sentential_negation
19,B,The lawyer who did not review the contract raised any objections.,-7.902666091918945,-7.905621528625488,-6.359352111816406,-8.469759941101074,-9.629305839538574,-7.539278984069824,-9.629305839538574,-8.469759941101074,-7.905621528625488,-9.629305839538574,-8.354263305664062,0.0,0.0,0.0,0.0,0.8149843215942383,sentential_negation
19,C,The lawyer did raise any objections.,-8.934081077575684,-7.901484966278076,-8.393293380737305,-9.262152671813965,-9.739522933959961,-7.765959739685059,-9.739522933959961,-9.262152671813965,-7.901484966278076,-9.739522933959961,-8.915328979492188,0.0,0.0,0.0,0.0,1.149369239807129,sentential_negation
20,A,The curator has not displayed any paintings.,-1.7333298921585083,-1.9700405597686768,-2.202561616897583,-2.0213232040405273,-1.8972636461257935,-2.16738224029541,-3.2664661407470703,-4.338181972503662,-2.0975723266601562,-1.9615898132324219,-5.9500322341918945,1.3692024946212769,2.3168587684631348,0.1275317668914795,0.06432616710662842,3.7826499938964844,sentential_negation
20,B,The curator who has not organized the exhibit displayed any paintings.,-4.5787248611450195,-5.884840965270996,-4.669159412384033,-4.782059192657471,-5.123608589172363,-7.126025199890137,-7.142887115478516,-7.263411998748779,-5.884840965270996,-5.123608589172363,-6.641049385070801,2.0192785263061523,2.4813528060913086,0.0,0.0,-0.48497581481933594,sentential_negation
20,C,The curator has displayed any paintings.,-10.581524848937988,-10.288565635681152,-8.655450820922852,-9.908751487731934,-8.795820236206055,-7.933772087097168,-8.795820236206055,-9.908751487731934,-10.288565635681152,-8.795820236206055,-8.609646797180176,0.0,0.0,0.0,0.0,0.6758747100830078,sentential_negation
21,A,The director did not schedule any meetings.,-2.1062698364257812,-2.28446102142334,-2.3793187141418457,-2.3932104110717773,-2.378967761993408,-2.9431755542755127,-4.153355121612549,-5.313446998596191,-3.13735032081604,-2.378967761993408,-8.478708267211914,1.7743873596191406,2.920236587524414,0.8528892993927002,0.0,5.535532712936401,sentential_negation
21,B,The director who did not cancel the conference scheduled any meetings.,-12.898736953735352,-12.956764221191406,-12.47386646270752,-13.365734100341797,-13.428415298461914,-13.269603729248047,-13.428415298461914,-13.365734100341797,-12.956764221191406,-13.428415298461914,-13.846100807189941,0.0,0.0,0.0,0.0,0.5764970779418945,sentential_negation
21,C,The director did schedule any meetings.,-9.77039623260498,-10.180675506591797,-9.953059196472168,-9.212688446044922,-9.03277587890625,-8.088812828063965,-9.03277587890625,-9.212688446044922,-10.180675506591797,-9.03277587890625,-8.04278564453125,0.0,0.0,0.0,0.0,-0.046027183532714844,sentential_negation
22,A,The mechanic did not replace any parts.,-3.8170225620269775,-3.9452736377716064,-4.1534857749938965,-4.129446029663086,-3.89457368850708,-4.019998073577881,-5.846065521240234,-7.592463970184326,-4.007970809936523,-3.89457368850708,-7.364925384521484,1.9514918327331543,3.4630179405212402,0.06269717216491699,0.0,3.3449273109436035,sentential_negation
22,B,The mechanic who did not inspect the engine replaced any parts.,-7.806247234344482,-7.587285995483398,-7.03190803527832,-8.549871444702148,-7.961857795715332,-7.855360507965088,-7.961857795715332,-8.549871444702148,-7.587285995483398,-7.961857795715332,-8.095186233520508,0.0,0.0,0.0,0.0,0.23982572555541992,sentential_negation
22,C,The mechanic did replace any parts.,-7.575338840484619,-8.163825988769531,-8.271249771118164,-9.336743354797363,-9.450606346130371,-8.858838081359863,-9.450606346130371,-9.336743354797363,-8.163825988769531,-9.450606346130371,-8.618709564208984,0.0,0.0,0.0,0.0,-0.2401285171508789,sentential_negation
23,A,The auditor has not flagged any discrepancies.,-0.6014686822891235,-0.6929616928100586,-0.675486147403717,-0.5291373133659363,-0.6273189187049866,-1.113294005393982,-1.190195083618164,-1.6935925483703613,-0.8576316833496094,-0.7143403887748718,-4.441553115844727,0.5628761649131775,1.164455235004425,0.16466999053955078,0.08702147006988525,3.3282591104507446,sentential_negation
23,B,The auditor who has not examined the records flagged any discrepancies.,-7.543732166290283,-6.29848051071167,-6.959907531738281,-8.025742530822754,-8.51739501953125,-9.831433296203613,-9.42849349975586,-8.025742530822754,-6.29848051071167,-8.51739501953125,-8.730209350585938,0.9110984802246094,0.0,0.0,0.0,-1.1012239456176758,sentential_negation
23,C,The auditor has flagged any discrepancies.,-8.915507316589355,-9.19924545288086,-10.231756210327148,-10.00830078125,-9.503425598144531,-11.329648971557617,-9.503425598144531,-10.00830078125,-9.19924545288086,-9.503425598144531,-10.859291076660156,0.0,0.0,0.0,0.0,-0.47035789489746094,sentential_negation
24,A,The surgeon did not perform any procedures.,-2.572817325592041,-2.6976852416992188,-2.7254133224487305,-2.716808557510376,-2.7815370559692383,-3.0353972911834717,-4.610963821411133,-5.870168209075928,-3.011733293533325,-2.7815370559692383,-6.936676502227783,1.8294267654418945,3.1533596515655518,0.31404805183410645,0.0,3.9012792110443115,sentential_negation
24,B,The surgeon who did not consult the patient performed any procedures.,-8.625496864318848,-7.646191596984863,-7.938520431518555,-8.142682075500488,-8.07676887512207,-7.248790264129639,-8.07676887512207,-8.142682075500488,-7.646191596984863,-8.07676887512207,-7.650681018829346,0.0,0.0,0.0,0.0,0.40189075469970703,sentential_negation
24,C,The surgeon did perform any procedures.,-7.6781792640686035,-8.034507751464844,-8.25464153289795,-7.456791400909424,-8.192338943481445,-8.01500415802002,-8.192338943481445,-9.026646614074707,-8.034507751464844,-8.192338943481445,-8.082233428955078,0.0,1.5698552131652832,0.0,0.0,0.0672292709350586,sentential_negation
25,A,The warden did not grant any privileges.,-3.386554479598999,-3.2992310523986816,-3.090656280517578,-3.0338826179504395,-3.203617572784424,-3.093874931335449,-4.975070953369141,-5.809898376464844,-3.6660642623901367,-3.203617572784424,-6.993114471435547,1.7714533805847168,2.7760157585144043,0.3668332099914551,0.0,3.8992395401000977,sentential_negation
25,B,The warden who did not review the appeals granted any privileges.,-7.150035858154297,-6.825279712677002,-6.827498912811279,-6.426958084106445,-6.3153486251831055,-6.186656951904297,-7.476816177368164,-7.6269707679748535,-6.825279712677002,-6.3153486251831055,-7.778961658477783,1.1614675521850586,1.2000126838684082,0.0,0.0,1.5923047065734863,sentential_negation
25,C,The warden did grant any privileges.,-8.05554485321045,-8.171085357666016,-8.27118968963623,-7.357455730438232,-8.646915435791016,-7.7679338455200195,-8.646915435791016,-8.306331634521484,-8.871260643005371,-8.646915435791016,-7.694530963897705,0.0,0.948875904083252,0.7001752853393555,0.0,-0.07340288162231445,sentential_negation
26,A,No manager approved any proposals.,-4.027076721191406,-4.347090721130371,-3.505350112915039,-4.134355545043945,-4.280697822570801,-5.013450622558594,-5.801464557647705,-6.960812568664551,-4.347090721130371,-4.280697822570801,-6.5300493240356445,1.5207667350769043,2.8264570236206055,0.0,0.0,1.5165987014770508,no_subject
26,B,The manager that no assistant contacted approved any proposals.,-5.4841108322143555,-4.56270694732666,-4.561973571777344,-5.6175947189331055,-6.668088912963867,-5.628066062927246,-7.574624061584473,-6.70458984375,-4.56270694732666,-6.668088912963867,-7.251187324523926,0.9065351486206055,1.0869951248168945,0.0,0.0,1.6231212615966797,no_subject
26,C,The manager approved any proposals.,-8.588156700134277,-9.036044120788574,-6.986788749694824,-6.841209411621094,-7.927103042602539,-6.641777992248535,-7.927103042602539,-6.841209411621094,-9.036044120788574,-7.927103042602539,-6.540158748626709,0.0,0.0,0.0,0.0,-0.10161924362182617,no_subject
27,A,No teacher assigned any homework.,-4.2256646156311035,-4.269986152648926,-4.766949653625488,-4.720127582550049,-4.462550163269043,-4.918367385864258,-6.419966220855713,-8.521211624145508,-4.269986152648926,-4.462550163269043,-8.841198921203613,1.95741605758667,3.801084041595459,0.0,0.0,3.9228315353393555,no_subject
27,B,The teacher that no student questioned assigned any homework.,-5.0011491775512695,-4.910731315612793,-5.338265419006348,-5.11155366897583,-4.731172561645508,-6.513657569885254,-5.768205642700195,-6.532090187072754,-4.910731315612793,-4.731172561645508,-6.973536491394043,1.0370330810546875,1.4205365180969238,0.0,0.0,0.45987892150878906,no_subject
27,C,The teacher assigned any homework.,-10.421106338500977,-9.923160552978516,-9.820337295532227,-10.489779472351074,-11.638174057006836,-9.500003814697266,-11.638174057006836,-10.489779472351074,-9.923160552978516,-11.638174057006836,-9.923624038696289,0.0,0.0,0.0,0.0,0.42362022399902344,no_subject
28,A,No committee considered any alternatives.,-4.059735298156738,-4.02574348449707,-3.9081132411956787,-3.968991279602051,-4.143682956695557,-4.131871223449707,-5.798915863037109,-6.961371421813965,-4.088645935058594,-4.143682956695557,-5.902115821838379,1.6552329063415527,2.992380142211914,0.06290245056152344,0.0,1.7702445983886719,no_subject
28,B,The committee that no director advised considered any alternatives.,-6.196305274963379,-5.579082012176514,-5.818024635314941,-6.191812992095947,-6.0075201988220215,-5.714338779449463,-6.0075201988220215,-6.191812992095947,-5.579082012176514,-6.0075201988220215,-5.681162357330322,0.0,0.0,0.0,0.0,-0.033176422119140625,no_subject
28,C,The committee considered any alternatives.,-9.82969856262207,-8.417191505432129,-8.94950008392334,-8.173673629760742,-8.08852481842041,-7.3203349113464355,-8.08852481842041,-8.173673629760742,-8.417191505432129,-8.08852481842041,-7.675806999206543,0.0,0.0,0.0,0.0,0.3554720878601074,no_subject
29,A,No doctor recommended any treatment.,-3.0297727584838867,-3.837575912475586,-3.435636043548584,-3.172241687774658,-3.3667755126953125,-4.716754913330078,-4.845762252807617,-6.550881385803223,-3.837575912475586,-3.448396921157837,-7.278007984161377,1.4789867401123047,3.3786396980285645,0.0,0.08162140846252441,2.561253070831299,no_subject
29,B,The doctor that no nurse assisted recommended any treatment.,-5.539173126220703,-5.393795013427734,-5.4043402671813965,-5.66397762298584,-6.557098388671875,-6.382854461669922,-8.052989959716797,-7.9097771644592285,-5.393795013427734,-6.557098388671875,-7.143633842468262,1.4958915710449219,2.2457995414733887,0.0,0.0,0.7607793807983398,no_subject
29,C,The doctor recommended any treatment.,-12.211874008178711,-11.36892318725586,-9.107748985290527,-9.907527923583984,-10.068458557128906,-8.527507781982422,-10.068458557128906,-9.907527923583984,-11.36892318725586,-10.068458557128906,-7.854452133178711,0.0,0.0,0.0,0.0,-0.6730556488037109,no_subject
30,A,No company hired any contractors.,-4.494769096374512,-4.4672393798828125,-4.579507827758789,-4.758037567138672,-4.5263166427612305,-4.394036293029785,-6.629030227661133,-9.496845245361328,-4.4672393798828125,-4.5263166427612305,-8.933164596557617,2.1027135848999023,4.738807678222656,0.0,0.0,4.539128303527832,no_subject
30,B,The company that no investor backed hired any contractors.,-9.575488090515137,-6.913104057312012,-11.006104469299316,-11.81995964050293,-12.439838409423828,-8.074134826660156,-12.439838409423828,-11.81995964050293,-6.913104057312012,-12.439838409423828,-11.025680541992188,0.0,0.0,0.0,0.0,2.9515457153320312,no_subject
30,C,The company hired any contractors.,-14.082620620727539,-13.323753356933594,-13.130906105041504,-15.086928367614746,-12.768965721130371,-10.041842460632324,-12.768965721130371,-15.086928367614746,-13.323753356933594,-12.768965721130371,-11.673654556274414,0.0,0.0,0.0,0.0,1.6318120956420898,no_subject
31,A,No researcher found any evidence.,-2.5700697898864746,-2.911736488342285,-2.519202709197998,-3.007765293121338,-2.6467299461364746,-3.4789981842041016,-3.901200771331787,-6.953216075897217,-2.9524874687194824,-2.6467299461364746,-7.572394847869873,1.2544708251953125,3.945450782775879,0.040750980377197266,0.0,4.0933966636657715,no_subject
31,B,The researcher that no journal published found any evidence.,-3.7411751747131348,-4.669184684753418,-4.467039108276367,-4.25122594833374,-3.508941888809204,-6.434500694274902,-4.6405110359191895,-6.072627544403076,-4.669184684753418,-3.508941888809204,-6.696244716644287,1.1315691471099854,1.821401596069336,0.0,0.0,0.26174402236938477,no_subject
31,C,The researcher found any evidence.,-11.508713722229004,-12.265524864196777,-11.488195419311523,-11.3502836227417,-10.46153450012207,-10.798075675964355,-10.46153450012207,-11.3502836227417,-12.265524864196777,-10.46153450012207,-9.730692863464355,0.0,0.0,0.0,0.0,-1.0673828125,no_subject
32,A,No inspector noticed any damage.,-2.3911566734313965,-2.4364192485809326,-2.6539549827575684,-2.219672441482544,-2.4175992012023926,-2.795305013656616,-3.7937521934509277,-4.855142593383789,-2.522261142730713,-2.4175992012023926,-6.335565090179443,1.3761529922485352,2.635470151901245,0.08584189414978027,0.0,3.540260076522827,no_subject
32,B,The inspector that no supervisor briefed noticed any damage.,-5.526688575744629,-5.041630744934082,-5.487637996673584,-5.636126518249512,-6.148486614227295,-6.739081382751465,-7.160883903503418,-6.793217658996582,-5.041630744934082,-6.148486614227295,-6.7115678787231445,1.012397289276123,1.1570911407470703,0.0,0.0,-0.027513504028320312,no_subject
32,C,The inspector noticed any damage.,-12.293743133544922,-10.758955001831055,-10.558995246887207,-10.222800254821777,-11.461309432983398,-8.708568572998047,-11.461309432983398,-10.222800254821777,-10.758955001831055,-11.461309432983398,-10.258354187011719,0.0,0.0,0.0,0.0,1.5497856140136719,no_subject
33,A,No lawyer raised any objections.,-2.2926828861236572,-2.2286524772644043,-2.270458459854126,-2.5651028156280518,-2.602311849594116,-2.7409026622772217,-4.7825927734375,-6.399418830871582,-2.277503252029419,-2.602311849594116,-8.239355087280273,2.180280923843384,3.8343160152435303,0.04885077476501465,0.0,5.498452425003052,no_subject
33,B,The lawyer that no client hired raised any objections.,-8.617788314819336,-8.04611873626709,-8.256256103515625,-9.383459091186523,-10.198492050170898,-8.310646057128906,-10.198492050170898,-9.383459091186523,-8.04611873626709,-10.198492050170898,-8.968544006347656,0.0,0.0,0.0,0.0,0.65789794921875,no_subject
33,C,The lawyer raised any objections.,-12.324361801147461,-11.283857345581055,-9.781058311462402,-11.9399995803833,-12.411158561706543,-9.404037475585938,-12.411158561706543,-11.9399995803833,-11.283857345581055,-12.411158561706543,-10.005598068237305,0.0,0.0,0.0,0.0,0.6015605926513672,no_subject
34,A,No engineer detected any flaws.,-1.8516117334365845,-2.2346553802490234,-2.213615894317627,-1.930180549621582,-1.9685628414154053,-2.731505870819092,-3.0230536460876465,-4.484835624694824,-2.3186168670654297,-2.0245766639709473,-6.1158976554870605,1.0544908046722412,2.554655075073242,0.08396148681640625,0.05601382255554199,3.3843917846679688,no_subject
34,B,The engineer that no manager consulted detected any flaws.,-7.140741348266602,-7.3537702560424805,-6.834148406982422,-7.142150402069092,-7.161681652069092,-6.137844085693359,-7.161681652069092,-7.142150402069092,-7.3537702560424805,-7.161681652069092,-6.013100624084473,0.0,0.0,0.0,0.0,-0.12474346160888672,no_subject
34,C,The engineer detected any flaws.,-9.388578414916992,-9.079727172851562,-8.192492485046387,-7.6842169761657715,-8.800420761108398,-8.608906745910645,-8.800420761108398,-7.6842169761657715,-9.079727172851562,-8.800420761108398,-8.051512718200684,0.0,0.0,0.0,0.0,-0.5573940277099609,no_subject
35,A,No auditor flagged any discrepancies.,-1.4321681261062622,-1.2595694065093994,-1.921883463859558,-1.648681879043579,-1.5709394216537476,-2.333188533782959,-2.7450242042541504,-5.613915920257568,-1.3730778694152832,-1.5709394216537476,-8.482139587402344,1.1740847826004028,3.9652340412139893,0.11350846290588379,0.0,6.148951053619385,no_subject
35,B,The auditor that no partner supervised flagged any discrepancies.,-8.369607925415039,-7.198946952819824,-8.437728881835938,-8.763181686401367,-8.414456367492676,-8.273036003112793,-8.414456367492676,-8.763181686401367,-7.198946952819824,-8.414456367492676,-8.480588912963867,0.0,0.0,0.0,0.0,0.20755290985107422,no_subject
35,C,The auditor flagged any discrepancies.,-9.305554389953613,-9.708312034606934,-10.738039016723633,-10.403202056884766,-9.674422264099121,-11.439227104187012,-9.674422264099121,-10.403202056884766,-9.708312034606934,-9.674422264099121,-11.370748519897461,0.0,0.0,0.0,0.0,-0.06847858428955078,no_subject
36,A,No editor approved any articles.,-4.485072135925293,-4.817499160766602,-4.2629780769348145,-4.241232872009277,-4.534411907196045,-5.443528175354004,-5.923501014709473,-7.187373638153076,-4.817499160766602,-4.534411907196045,-7.364919662475586,1.3890891075134277,2.946140766143799,0.0,0.0,1.921391487121582,no_subject
36,B,The editor that no writer emailed approved any articles.,-6.232808589935303,-6.106391429901123,-5.939448356628418,-5.549446105957031,-6.545704364776611,-7.664183616638184,-7.95247745513916,-7.441898345947266,-6.106391429901123,-6.545704364776611,-7.9764909744262695,1.4067730903625488,1.8924522399902344,0.0,0.0,0.31230735778808594,no_subject
36,C,The editor approved any articles.,-10.602112770080566,-10.073537826538086,-10.073203086853027,-8.963974952697754,-9.00809097290039,-7.403773784637451,-9.00809097290039,-8.963974952697754,-10.073537826538086,-9.00809097290039,-7.619117736816406,0.0,0.0,0.0,0.0,0.21534395217895508,no_subject
37,A,No official filed any complaints.,-3.9885787963867188,-3.531663179397583,-4.140436172485352,-4.263633728027344,-3.867218494415283,-4.429867744445801,-5.651192665100098,-8.354784965515137,-3.531663179397583,-3.867218494415283,-9.176302909851074,1.7839741706848145,4.091151237487793,0.0,0.0,4.746435165405273,no_subject
37,B,The official that no citizen petitioned filed any complaints.,-8.20346450805664,-7.220724582672119,-7.772720813751221,-7.300529479980469,-8.36439323425293,-7.479436874389648,-8.36439323425293,-8.381119728088379,-7.220724582672119,-8.36439323425293,-7.5178656578063965,0.0,1.0805902481079102,0.0,0.0,0.03842878341674805,no_subject
37,C,The official filed any complaints.,-12.199289321899414,-11.638691902160645,-11.00464153289795,-11.954488754272461,-11.105862617492676,-9.812053680419922,-11.105862617492676,-11.954488754272461,-11.638691902160645,-11.105862617492676,-9.606771469116211,0.0,0.0,0.0,0.0,-0.20528221130371094,no_subject
38,A,No architect drafted any blueprints.,-4.548720836639404,-4.294116020202637,-4.486136436462402,-4.529328346252441,-4.329200267791748,-4.5204668045043945,-6.692716121673584,-8.467142105102539,-4.294116020202637,-4.329200267791748,-9.203564643859863,2.363515853881836,3.9378137588500977,0.0,0.0,4.683097839355469,no_subject
38,B,The architect that no developer approached drafted any blueprints.,-9.847737312316895,-7.81182336807251,-10.236961364746094,-10.943133354187012,-11.059371948242188,-9.34520435333252,-11.059371948242188,-10.943133354187012,-7.81182336807251,-11.059371948242188,-10.111767768859863,0.0,0.0,0.0,0.0,0.7665634155273438,no_subject
38,C,The architect drafted any blueprints.,-12.391966819763184,-12.696203231811523,-11.124602317810059,-12.192436218261719,-11.028525352478027,-10.188241958618164,-11.028525352478027,-12.192436218261719,-12.696203231811523,-11.028525352478027,-10.278162956237793,0.0,0.0,0.0,0.0,0.0899209976196289,no_subject
39,A,No curator displayed any paintings.,-3.649312734603882,-3.725419521331787,-3.59004545211792,-3.63673734664917,-3.8966312408447266,-3.9249889850616455,-8.054851531982422,-8.904953002929688,-3.725419521331787,-3.8966312408447266,-7.700177192687988,4.158220291137695,5.268215656280518,0.0,0.0,3.7751882076263428,no_subject
39,B,The curator that no donor funded displayed any paintings.,-7.485315322875977,-6.3392181396484375,-7.912859916687012,-7.01309871673584,-6.975162506103516,-7.322350025177002,-7.948153018951416,-8.200522422790527,-6.3392181396484375,-6.975162506103516,-7.72758674621582,0.9729905128479004,1.1874237060546875,0.0,0.0,0.40523672103881836,no_subject
39,C,The curator displayed any paintings.,-12.233691215515137,-11.486042022705078,-8.83524227142334,-10.887571334838867,-10.397254943847656,-8.380797386169434,-10.397254943847656,-10.887571334838867,-11.486042022705078,-10.397254943847656,-7.952447414398193,0.0,0.0,0.0,0.0,-0.42834997177124023,no_subject
40,A,No surgeon performed any procedures.,-3.502185583114624,-3.212041139602661,-3.3012466430664062,-2.9098453521728516,-3.4413652420043945,-3.013852119445801,-6.160713195800781,-6.7765936851501465,-3.354750394821167,-3.4413652420043945,-7.562273025512695,2.7193479537963867,3.866748332977295,0.14270925521850586,0.0,4.5484209060668945,no_subject
40,B,The surgeon that no patient trusted performed any procedures.,-8.126666069030762,-7.364863395690918,-8.516024589538574,-7.618991851806641,-7.963361740112305,-7.698098659515381,-7.963361740112305,-7.618991851806641,-7.364863395690918,-7.963361740112305,-7.8635430335998535,0.0,0.0,0.0,0.0,0.16544437408447266,no_subject
40,C,The surgeon performed any procedures.,-11.028044700622559,-11.020606994628906,-11.400423049926758,-10.782782554626465,-10.127991676330566,-10.524083137512207,-10.127991676330566,-10.782782554626465,-11.020606994628906,-10.127991676330566,-11.006689071655273,0.0,0.0,0.0,0.0,0.4826059341430664,no_subject
41,A,Few managers approved any proposals.,-6.773813724517822,-6.027677536010742,-5.986742973327637,-5.900240421295166,-6.148139953613281,-5.713747501373291,-7.9917426109313965,-9.061546325683594,-6.027677536010742,-6.148139953613281,-8.264813423156738,1.8436026573181152,3.1613059043884277,0.0,0.0,2.5510659217834473,few_subject
41,B,The manager that few assistants contacted approved any proposals.,-7.408324241638184,-6.682382106781006,-6.05593204498291,-5.992051601409912,-7.533508777618408,-6.767200946807861,-7.533508777618408,-5.992051601409912,-6.682382106781006,-7.533508777618408,-6.713129997253418,0.0,0.0,0.0,0.0,-0.05407094955444336,few_subject
41,C,Several managers approved any proposals.,-11.623489379882812,-11.129112243652344,-10.10353946685791,-9.30384635925293,-10.13834285736084,-7.937222957611084,-10.13834285736084,-9.30384635925293,-11.129112243652344,-10.13834285736084,-7.822541236877441,0.0,0.0,0.0,0.0,-0.11468172073364258,few_subject
42,A,Few teachers assigned any homework.,-5.740677833557129,-5.793758869171143,-6.0999321937561035,-5.269279956817627,-6.374592304229736,-7.459486484527588,-9.842571258544922,-8.957911491394043,-5.793758869171143,-6.374592304229736,-10.375407218933105,3.4679789543151855,3.688631534576416,0.0,0.0,2.9159207344055176,few_subject
42,B,The teacher that few students questioned assigned any homework.,-6.670243740081787,-6.244682788848877,-8.08463191986084,-6.486708641052246,-7.292746543884277,-8.106545448303223,-8.234920501708984,-7.37495756149292,-6.244682788848877,-7.292746543884277,-8.952472686767578,0.942173957824707,0.8882489204406738,0.0,0.0,0.8459272384643555,few_subject
42,C,Several teachers assigned any homework.,-14.292308807373047,-12.71627426147461,-12.458452224731445,-13.207974433898926,-13.858366012573242,-11.062252044677734,-13.858366012573242,-13.207974433898926,-12.71627426147461,-13.858366012573242,-12.368258476257324,0.0,0.0,0.0,0.0,1.3060064315795898,few_subject
43,A,Few committees considered any alternatives.,-6.079478740692139,-6.371235370635986,-5.80744743347168,-5.823256492614746,-5.763756275177002,-5.647822856903076,-8.189016342163086,-9.721502304077148,-6.371235370635986,-5.763756275177002,-9.564199447631836,2.425260066986084,3.8982458114624023,0.0,0.0,3.9163765907287598,few_subject
43,B,The committee that few directors advised considered any alternatives.,-7.2633280754089355,-6.9381794929504395,-6.74597692489624,-6.785661697387695,-6.5338850021362305,-6.198199272155762,-6.5338850021362305,-6.785661697387695,-6.9381794929504395,-6.5338850021362305,-6.060491561889648,0.0,0.0,0.0,0.0,-0.13770771026611328,few_subject
43,C,Several committees considered any alternatives.,-11.238838195800781,-10.252985000610352,-9.73945140838623,-9.985618591308594,-9.478702545166016,-7.677703380584717,-9.478702545166016,-9.985618591308594,-10.252985000610352,-9.478702545166016,-7.986936092376709,0.0,0.0,0.0,0.0,0.3092327117919922,few_subject
44,A,Few doctors recommended any treatment.,-4.377718925476074,-4.283876419067383,-4.180844306945801,-4.362759590148926,-5.311968803405762,-4.294480800628662,-8.245384216308594,-9.326436042785645,-4.283876419067383,-5.311968803405762,-7.274825096130371,2.933415412902832,4.963676452636719,0.0,0.0,2.980344295501709,few_subject
44,B,The doctor that few nurses assisted recommended any treatment.,-9.086762428283691,-8.477594375610352,-7.513082504272461,-8.533256530761719,-8.366218566894531,-7.483792781829834,-8.366218566894531,-8.533256530761719,-8.477594375610352,-8.366218566894531,-7.298766613006592,0.0,0.0,0.0,0.0,-0.1850261688232422,few_subject
44,C,Several doctors recommended any treatment.,-13.356597900390625,-13.007463455200195,-10.464223861694336,-11.732797622680664,-10.185786247253418,-7.960481643676758,-10.185786247253418,-11.732797622680664,-13.007463455200195,-10.185786247253418,-8.214791297912598,0.0,0.0,0.0,0.0,0.25430965423583984,few_subject
45,A,Few companies hired any contractors.,-5.9162702560424805,-6.260181427001953,-5.357837200164795,-5.86496114730835,-6.01885986328125,-5.737665176391602,-10.452385902404785,-11.846822738647461,-6.260181427001953,-6.01885986328125,-10.976296424865723,4.433526039123535,5.981861591339111,0.0,0.0,5.238631248474121,few_subject
45,B,The company that few investors backed hired any contractors.,-10.982282638549805,-10.644238471984863,-12.101247787475586,-12.08200454711914,-12.429244995117188,-11.06258773803711,-12.429244995117188,-12.08200454711914,-10.644238471984863,-12.429244995117188,-12.982494354248047,0.0,0.0,0.0,0.0,1.9199066162109375,few_subject
45,C,Several companies hired any contractors.,-15.613923072814941,-15.001729965209961,-14.024340629577637,-15.161187171936035,-11.77458667755127,-10.033647537231445,-11.77458667755127,-15.161187171936035,-15.001729965209961,-11.77458667755127,-10.513362884521484,0.0,0.0,0.0,0.0,0.47971534729003906,few_subject
46,A,Few researchers found any evidence.,-2.932508945465088,-3.234300374984741,-3.553708553314209,-3.1064858436584473,-2.855299949645996,-6.448544979095459,-4.494411945343018,-7.350998878479004,-3.234300374984741,-2.855299949645996,-8.533793449401855,1.6391119956970215,4.244513034820557,0.0,0.0,2.0852484703063965,few_subject
46,B,The researcher that few journals published found any evidence.,-6.977406978607178,-6.179357051849365,-8.125741004943848,-7.640679359436035,-7.488208293914795,-7.591820240020752,-8.705080032348633,-7.640679359436035,-6.179357051849365,-7.488208293914795,-8.228300094604492,1.216871738433838,0.0,0.0,0.0,0.6364798545837402,few_subject
46,C,Several researchers found any evidence.,-13.117753028869629,-12.689798355102539,-13.328118324279785,-12.157023429870605,-13.746028900146484,-10.828836441040039,-13.746028900146484,-12.157023429870605,-12.689798355102539,-13.746028900146484,-11.684475898742676,0.0,0.0,0.0,0.0,0.8556394577026367,few_subject
47,A,Few inspectors noticed any damage.,-3.2885522842407227,-2.4194703102111816,-3.6975831985473633,-3.087124824523926,-3.379361629486084,-3.206446409225464,-5.140316963195801,-6.765380382537842,-2.4194703102111816,-3.379361629486084,-7.014074802398682,1.7609553337097168,3.678255558013916,0.0,0.0,3.8076283931732178,few_subject
47,B,The inspector that few supervisors briefed noticed any damage.,-8.136253356933594,-7.846303939819336,-7.968879222869873,-7.358872890472412,-8.451801300048828,-7.166569709777832,-8.451801300048828,-7.358872890472412,-7.846303939819336,-8.451801300048828,-7.306612491607666,0.0,0.0,0.0,0.0,0.14004278182983398,few_subject
47,C,Several inspectors noticed any damage.,-13.811342239379883,-12.046073913574219,-12.034149169921875,-10.894744873046875,-10.744884490966797,-8.650002479553223,-10.744884490966797,-10.894744873046875,-12.046073913574219,-10.744884490966797,-9.269144058227539,0.0,0.0,0.0,0.0,0.6191415786743164,few_subject
48,A,Few lawyers raised any objections.,-4.467329025268555,-5.038888931274414,-3.749485969543457,-3.8949947357177734,-4.929897308349609,-5.86838960647583,-8.248790740966797,-8.340989112854004,-5.038888931274414,-4.929897308349609,-9.140762329101562,3.3188934326171875,4.4459943771362305,0.0,0.0,3.2723727226257324,few_subject
48,B,The lawyer that few clients hired raised any objections.,-10.651021957397461,-9.76311206817627,-9.5506010055542,-10.828874588012695,-10.659875869750977,-9.231424331665039,-10.659875869750977,-10.828874588012695,-9.76311206817627,-10.659875869750977,-9.707765579223633,0.0,0.0,0.0,0.0,0.47634124755859375,few_subject
48,C,Several lawyers raised any objections.,-14.349040985107422,-13.957687377929688,-12.779847145080566,-13.711738586425781,-13.46512508392334,-11.046207427978516,-13.46512508392334,-13.711738586425781,-13.957687377929688,-13.46512508392334,-13.037548065185547,0.0,0.0,0.0,0.0,1.9913406372070312,few_subject
49,A,Few engineers detected any flaws.,-3.1653385162353516,-3.0767273902893066,-3.591067314147949,-3.1316707134246826,-3.354620933532715,-3.4098000526428223,-5.052501201629639,-6.956414222717285,-3.0767273902893066,-3.354620933532715,-6.260250568389893,1.6978802680969238,3.8247435092926025,0.0,0.0,2.8504505157470703,few_subject
49,B,The engineer that few managers consulted detected any flaws.,-7.6583380699157715,-7.17527961730957,-6.463939189910889,-5.862556457519531,-6.513681888580322,-5.191080093383789,-6.513681888580322,-5.862556457519531,-7.17527961730957,-6.513681888580322,-5.198199272155762,0.0,0.0,0.0,0.0,0.007119178771972656,few_subject
49,C,Several engineers detected any flaws.,-11.851984977722168,-12.15127182006836,-10.72993278503418,-9.927289962768555,-9.869977951049805,-8.784387588500977,-9.869977951049805,-9.927289962768555,-12.15127182006836,-9.869977951049805,-9.368535041809082,0.0,0.0,0.0,0.0,0.5841474533081055,few_subject
50,A,Few auditors flagged any discrepancies.,-3.9036710262298584,-4.157201290130615,-4.319896697998047,-3.763580322265625,-4.4094462394714355,-3.913409471511841,-6.366280555725098,-7.442392826080322,-4.157201290130615,-4.4094462394714355,-7.986146926879883,1.956834316253662,3.6788125038146973,0.0,0.0,4.072737455368042,few_subject
50,B,The auditor that few partners supervised flagged any discrepancies.,-8.297056198120117,-8.287808418273926,-7.819419860839844,-8.301115036010742,-8.774129867553711,-8.857901573181152,-8.774129867553711,-8.301115036010742,-8.287808418273926,-8.774129867553711,-7.878141403198242,0.0,0.0,0.0,0.0,-0.9797601699829102,few_subject
50,C,Several auditors flagged any discrepancies.,-11.479126930236816,-11.351591110229492,-12.030040740966797,-11.0495023727417,-9.974660873413086,-10.002384185791016,-9.974660873413086,-11.0495023727417,-11.351591110229492,-9.974660873413086,-10.052725791931152,0.0,0.0,0.0,0.0,0.05034160614013672,few_subject
51,A,Few editors approved any articles.,-6.307088851928711,-5.718300819396973,-4.819664001464844,-5.209412097930908,-5.5857462882995605,-5.10329532623291,-7.3274245262146,-7.960655212402344,-5.718300819396973,-5.5857462882995605,-7.701598167419434,1.741678237915039,2.7512431144714355,0.0,0.0,2.5983028411865234,few_subject
51,B,The editor that few writers emailed approved any articles.,-8.017053604125977,-7.264121055603027,-7.6377692222595215,-6.460086345672607,-7.7750773429870605,-7.308080673217773,-7.7750773429870605,-6.460086345672607,-7.264121055603027,-7.7750773429870605,-7.691675186157227,0.0,0.0,0.0,0.0,0.3835945129394531,few_subject
51,C,Several editors approved any articles.,-10.973843574523926,-10.813429832458496,-9.075714111328125,-7.750175476074219,-8.95700454711914,-7.337131023406982,-8.95700454711914,-7.750175476074219,-10.813429832458496,-8.95700454711914,-7.36671781539917,0.0,0.0,0.0,0.0,0.0295867919921875,few_subject
52,A,Few officials filed any complaints.,-5.221156597137451,-4.922889709472656,-5.960336208343506,-5.490042686462402,-5.330926895141602,-6.4522013664245605,-7.296573162078857,-9.314393997192383,-4.922889709472656,-5.330926895141602,-8.100851058959961,1.9656462669372559,3.8243513107299805,0.0,0.0,1.6486496925354004,few_subject
52,B,The official that few citizens petitioned filed any complaints.,-11.175766944885254,-10.485411643981934,-9.479948997497559,-9.788615226745605,-10.189973831176758,-8.62964153289795,-10.189973831176758,-9.788615226745605,-10.485411643981934,-10.189973831176758,-8.462359428405762,0.0,0.0,0.0,0.0,-0.1672821044921875,few_subject
52,C,Several officials filed any complaints.,-13.2413330078125,-12.957624435424805,-12.824475288391113,-11.890629768371582,-10.374957084655762,-10.485557556152344,-10.374957084655762,-11.890629768371582,-12.957624435424805,-10.374957084655762,-10.393896102905273,0.0,0.0,0.0,0.0,-0.09166145324707031,few_subject
53,A,Few architects drafted any blueprints.,-5.876992225646973,-6.040142059326172,-5.746464729309082,-6.07200813293457,-5.955297470092773,-6.791609764099121,-9.139599800109863,-11.389983177185059,-6.040142059326172,-5.955297470092773,-9.160819053649902,3.18430233001709,5.317975044250488,0.0,0.0,2.3692092895507812,few_subject
53,B,The architect that few developers approached drafted any blueprints.,-10.824422836303711,-9.930718421936035,-10.84085464477539,-10.852977752685547,-11.272196769714355,-9.959148406982422,-11.272196769714355,-10.852977752685547,-9.930718421936035,-11.272196769714355,-9.6993989944458,0.0,0.0,0.0,0.0,-0.2597494125366211,few_subject
53,C,Several architects drafted any blueprints.,-14.880266189575195,-14.92365837097168,-14.879554748535156,-13.934144973754883,-13.484817504882812,-11.234804153442383,-13.484817504882812,-13.934144973754883,-14.92365837097168,-13.484817504882812,-11.7874174118042,0.0,0.0,0.0,0.0,0.5526132583618164,few_subject
54,A,Few curators displayed any paintings.,-5.079361438751221,-6.071269989013672,-5.085925102233887,-5.556053161621094,-5.505860328674316,-6.065989017486572,-9.883821487426758,-11.545875549316406,-6.071269989013672,-5.505860328674316,-10.523284912109375,4.377961158752441,5.9898223876953125,0.0,0.0,4.457295894622803,few_subject
54,B,The curator that few donors funded displayed any paintings.,-9.693373680114746,-8.839777946472168,-8.262167930603027,-8.40571403503418,-8.492830276489258,-8.201139450073242,-8.492830276489258,-8.40571403503418,-8.839777946472168,-8.492830276489258,-8.183308601379395,0.0,0.0,0.0,0.0,-0.017830848693847656,few_subject
54,C,Several curators displayed any paintings.,-13.454658508300781,-12.696035385131836,-12.399319648742676,-13.74040412902832,-13.546953201293945,-9.207906723022461,-13.546953201293945,-13.74040412902832,-12.696035385131836,-13.546953201293945,-9.775445938110352,0.0,0.0,0.0,0.0,0.5675392150878906,few_subject
55,A,Few surgeons performed any procedures.,-5.160628318786621,-5.23884391784668,-4.78932523727417,-4.290513038635254,-5.626788139343262,-4.965593338012695,-8.49740982055664,-8.307990074157715,-5.23884391784668,-5.626788139343262,-7.598402976989746,2.870621681213379,4.017477035522461,0.0,0.0,2.632809638977051,few_subject
55,B,The surgeon that few patients trusted performed any procedures.,-9.501984596252441,-9.445192337036133,-10.195427894592285,-8.748943328857422,-8.681122779846191,-8.203655242919922,-8.681122779846191,-8.748943328857422,-9.445192337036133,-8.681122779846191,-9.603425979614258,0.0,0.0,0.0,0.0,1.399770736694336,few_subject
55,C,Several surgeons performed any procedures.,-13.032378196716309,-12.77380084991455,-11.568227767944336,-10.34360122680664,-10.271357536315918,-8.507335662841797,-10.271357536315918,-10.34360122680664,-12.77380084991455,-10.271357536315918,-8.309732437133789,0.0,0.0,0.0,0.0,-0.1976032257080078,few_subject
56,A,Did the manager approve any proposals?,-5.1885294914245605,-5.319231033325195,-4.365667343139648,-4.663565158843994,-5.492067813873291,-4.358221054077148,-5.974688529968262,-5.3351149559021,-5.319231033325195,-5.492067813873291,-5.584650039672852,0.4826207160949707,0.6715497970581055,0.0,0.0,1.2264289855957031,question
56,C,The manager approved any proposals.,-8.588156700134277,-9.036044120788574,-6.986788749694824,-6.841209411621094,-7.927103042602539,-6.641777992248535,-7.927103042602539,-6.841209411621094,-9.036044120788574,-7.927103042602539,-6.540158748626709,0.0,0.0,0.0,0.0,-0.10161924362182617,question
57,A,Did the teacher assign any homework?,-4.164000511169434,-4.004731178283691,-4.1410322189331055,-4.5637617111206055,-4.601779937744141,-4.6197614669799805,-5.572973251342773,-6.228915691375732,-4.004731178283691,-4.601779937744141,-7.151432037353516,0.9711933135986328,1.665153980255127,0.0,0.0,2.531670570373535,question
57,C,The teacher assigned any homework.,-10.421106338500977,-9.923160552978516,-9.820337295532227,-10.489779472351074,-11.638174057006836,-9.500003814697266,-11.638174057006836,-10.489779472351074,-9.923160552978516,-11.638174057006836,-9.923624038696289,0.0,0.0,0.0,0.0,0.42362022399902344,question
58,A,Did the committee consider any alternatives?,-2.7307701110839844,-3.054324150085449,-2.7652485370635986,-3.1111040115356445,-2.6680357456207275,-4.007111072540283,-3.072835683822632,-4.421485900878906,-3.054324150085449,-2.6680357456207275,-4.221061706542969,0.4047999382019043,1.3103818893432617,0.0,0.0,0.21395063400268555,question
58,C,The committee considered any alternatives.,-9.82969856262207,-8.417191505432129,-8.94950008392334,-8.173673629760742,-8.08852481842041,-7.3203349113464355,-8.08852481842041,-8.173673629760742,-8.417191505432129,-8.08852481842041,-7.675806999206543,0.0,0.0,0.0,0.0,0.3554720878601074,question
59,A,Did the doctor recommend any treatment?,-1.9694584608078003,-2.1180620193481445,-2.1340205669403076,-2.167719841003418,-2.1065421104431152,-3.1739346981048584,-2.6406314373016357,-3.8460748195648193,-2.1180620193481445,-2.211859703063965,-4.647531032562256,0.5340893268585205,1.6783549785614014,0.0,0.10531759262084961,1.4735963344573975,question
59,C,The doctor recommended any treatment.,-12.211874008178711,-11.36892318725586,-9.107748985290527,-9.907527923583984,-10.068458557128906,-8.527507781982422,-10.068458557128906,-9.907527923583984,-11.36892318725586,-10.068458557128906,-7.854452133178711,0.0,0.0,0.0,0.0,-0.6730556488037109,question
60,A,Did the company hire any contractors?,-3.788705348968506,-3.863802433013916,-4.125299453735352,-4.300043106079102,-3.4558420181274414,-3.8173274993896484,-4.158219337463379,-5.9367170333862305,-3.863802433013916,-3.4558420181274414,-5.155022621154785,0.7023773193359375,1.636673927307129,0.0,0.0,1.3376951217651367,question
60,C,The company hired any contractors.,-14.082620620727539,-13.323753356933594,-13.130906105041504,-15.086928367614746,-12.768965721130371,-10.041842460632324,-12.768965721130371,-15.086928367614746,-13.323753356933594,-12.768965721130371,-11.673654556274414,0.0,0.0,0.0,0.0,1.6318120956420898,question
61,A,Did the researcher find any evidence?,-1.8145262002944946,-2.1628966331481934,-1.7451355457305908,-1.7156248092651367,-1.4989618062973022,-2.56087064743042,-1.9968888759613037,-3.2407660484313965,-2.1628966331481934,-1.4989618062973022,-3.766895294189453,0.49792706966400146,1.5251412391662598,0.0,0.0,1.2060246467590332,question
61,C,The researcher found any evidence.,-11.508713722229004,-12.265524864196777,-11.488195419311523,-11.3502836227417,-10.46153450012207,-10.798075675964355,-10.46153450012207,-11.3502836227417,-12.265524864196777,-10.46153450012207,-9.730692863464355,0.0,0.0,0.0,0.0,-1.0673828125,question
62,A,Did the inspector notice any damage?,-1.867517113685608,-1.669837236404419,-1.6359165906906128,-1.8969591856002808,-1.8756818771362305,-1.7938774824142456,-2.276632070541382,-3.0181050300598145,-1.669837236404419,-1.9848651885986328,-3.254502296447754,0.40095019340515137,1.1211458444595337,0.0,0.10918331146240234,1.4606248140335083,question
62,C,The inspector noticed any damage.,-12.293743133544922,-10.758955001831055,-10.558995246887207,-10.222800254821777,-11.461309432983398,-8.708568572998047,-11.461309432983398,-10.222800254821777,-10.758955001831055,-11.461309432983398,-10.258354187011719,0.0,0.0,0.0,0.0,1.5497856140136719,question
63,A,Did the lawyer raise any objections?,-1.9918193817138672,-2.3551716804504395,-2.274963855743408,-2.358901023864746,-2.2820253372192383,-3.062270164489746,-2.98931884765625,-3.9017891883850098,-2.3551716804504395,-2.2820253372192383,-5.380489349365234,0.7072935104370117,1.5428881645202637,0.0,0.0,2.3182191848754883,question
63,C,The lawyer raised any objections.,-12.324361801147461,-11.283857345581055,-9.781058311462402,-11.9399995803833,-12.411158561706543,-9.404037475585938,-12.411158561706543,-11.9399995803833,-11.283857345581055,-12.411158561706543,-10.005598068237305,0.0,0.0,0.0,0.0,0.6015605926513672,question
64,A,Did the engineer detect any flaws?,-1.6701172590255737,-1.7213714122772217,-1.7442240715026855,-1.8795361518859863,-1.7709300518035889,-2.032172679901123,-2.1517302989959717,-3.026911497116089,-1.7213714122772217,-1.8712058067321777,-3.7448668479919434,0.3808002471923828,1.1473753452301025,0.0,0.10027575492858887,1.7126941680908203,question
64,C,The engineer detected any flaws.,-9.388578414916992,-9.079727172851562,-8.192492485046387,-7.6842169761657715,-8.800420761108398,-8.608906745910645,-8.800420761108398,-7.6842169761657715,-9.079727172851562,-8.800420761108398,-8.051512718200684,0.0,0.0,0.0,0.0,-0.5573940277099609,question
65,A,Did the auditor flag any discrepancies?,-1.818345546722412,-1.9647091627120972,-1.8540616035461426,-1.9851675033569336,-1.8050384521484375,-2.1890335083007812,-2.193784236907959,-3.0543017387390137,-1.9647091627120972,-1.8647339344024658,-3.2210042476654053,0.3887457847595215,1.06913423538208,0.0,0.05969548225402832,1.031970739364624,question
65,C,The auditor flagged any discrepancies.,-9.305554389953613,-9.708312034606934,-10.738039016723633,-10.403202056884766,-9.674422264099121,-11.439227104187012,-9.674422264099121,-10.403202056884766,-9.708312034606934,-9.674422264099121,-11.370748519897461,0.0,0.0,0.0,0.0,-0.06847858428955078,question
66,A,Did the editor approve any articles?,-5.34021520614624,-5.3606061935424805,-4.445653915405273,-4.734913349151611,-4.819010257720947,-5.759362697601318,-5.250027179718018,-5.596098899841309,-5.3606061935424805,-4.819010257720947,-5.549818992614746,0.4310169219970703,0.8611855506896973,0.0,0.0,-0.20954370498657227,question
66,C,The editor approved any articles.,-10.602112770080566,-10.073537826538086,-10.073203086853027,-8.963974952697754,-9.00809097290039,-7.403773784637451,-9.00809097290039,-8.963974952697754,-10.073537826538086,-9.00809097290039,-7.619117736816406,0.0,0.0,0.0,0.0,0.21534395217895508,question
67,A,Did the official file any complaints?,-10.219483375549316,-8.7926025390625,-9.125062942504883,-10.908245086669922,-11.220545768737793,-8.842801094055176,-11.220545768737793,-12.2645845413208,-8.7926025390625,-11.220545768737793,-9.472900390625,0.0,1.356339454650879,0.0,0.0,0.6300992965698242,question
67,C,The official filed any complaints.,-12.199289321899414,-11.638691902160645,-11.00464153289795,-11.954488754272461,-11.105862617492676,-9.812053680419922,-11.105862617492676,-11.954488754272461,-11.638691902160645,-11.105862617492676,-9.606771469116211,0.0,0.0,0.0,0.0,-0.20528221130371094,question
68,A,Did the architect draft any blueprints?,-5.4295854568481445,-5.60222053527832,-5.131258964538574,-5.512288570404053,-5.838959217071533,-6.941925048828125,-6.8690361976623535,-6.779702186584473,-5.60222053527832,-5.838959217071533,-6.9775614738464355,1.0300769805908203,1.26741361618042,0.0,0.0,0.03563642501831055,question
68,C,The architect drafted any blueprints.,-12.391966819763184,-12.696203231811523,-11.124602317810059,-12.192436218261719,-11.028525352478027,-10.188241958618164,-11.028525352478027,-12.192436218261719,-12.696203231811523,-11.028525352478027,-10.278162956237793,0.0,0.0,0.0,0.0,0.0899209976196289,question
69,A,Did the curator display any paintings?,-2.8179855346679688,-3.112071990966797,-3.416541814804077,-3.06813383102417,-2.558595657348633,-3.5187506675720215,-3.3201522827148438,-4.447134494781494,-3.112071990966797,-2.558595657348633,-4.541171073913574,0.7615566253662109,1.3790006637573242,0.0,0.0,1.0224204063415527,question
69,C,The curator displayed any paintings.,-12.233691215515137,-11.486042022705078,-8.83524227142334,-10.887571334838867,-10.397254943847656,-8.380797386169434,-10.397254943847656,-10.887571334838867,-11.486042022705078,-10.397254943847656,-7.952447414398193,0.0,0.0,0.0,0.0,-0.42834997177124023,question
70,A,Did the surgeon perform any procedures?,-3.619492292404175,-3.432178497314453,-3.4509873390197754,-3.2751293182373047,-3.3201751708984375,-2.7584009170532227,-4.179980278015137,-5.10279655456543,-3.432178497314453,-3.3201751708984375,-4.576949119567871,0.8598051071166992,1.827667236328125,0.0,0.0,1.8185482025146484,question
70,C,The surgeon performed any procedures.,-11.028044700622559,-11.020606994628906,-11.400423049926758,-10.782782554626465,-10.127991676330566,-10.524083137512207,-10.127991676330566,-10.782782554626465,-11.020606994628906,-10.127991676330566,-11.006689071655273,0.0,0.0,0.0,0.0,0.4826059341430664,question
71,A,The manager left without approving any proposals.,-3.190373420715332,-3.2653720378875732,-2.9783527851104736,-3.0458059310913086,-3.092679977416992,-3.367741584777832,-3.8350539207458496,-4.571953773498535,-3.407940149307251,-3.092679977416992,-5.861115455627441,0.7423739433288574,1.5261478424072266,0.14256811141967773,0.0,2.4933738708496094,without
71,C,The manager left after approving any proposals.,-9.913179397583008,-9.30429458618164,-9.17245101928711,-8.85377311706543,-9.1634521484375,-6.8223958015441895,-9.1634521484375,-8.85377311706543,-9.30429458618164,-9.1634521484375,-7.868257522583008,0.0,0.0,0.0,0.0,1.0458617210388184,without
72,A,The teacher departed without assigning any homework.,-1.5163004398345947,-1.7233723402023315,-1.4970088005065918,-1.7439510822296143,-1.7061095237731934,-1.5848206281661987,-2.491936683654785,-3.6223349571228027,-1.8074922561645508,-1.7835613489151,-5.258859634399414,0.7858271598815918,1.8783838748931885,0.08411991596221924,0.07745182514190674,3.6740390062332153,without
72,C,The teacher departed after assigning any homework.,-9.906826972961426,-9.354848861694336,-7.8853278160095215,-9.146495819091797,-9.693973541259766,-7.603859901428223,-9.693973541259766,-9.146495819091797,-9.354848861694336,-9.693973541259766,-7.437191009521484,0.0,0.0,0.0,0.0,-0.16666889190673828,without
73,A,The committee adjourned without considering any alternatives.,-2.40472412109375,-2.4785940647125244,-2.3542048931121826,-2.3990478515625,-2.3899831771850586,-2.8424978256225586,-3.2855334281921387,-4.1261091232299805,-2.5302164554595947,-2.3899831771850586,-5.431275844573975,0.8955502510070801,1.7270612716674805,0.05162239074707031,0.0,2.588778018951416,without
73,C,The committee adjourned after considering any alternatives.,-9.2628173828125,-8.736520767211914,-9.111827850341797,-7.036713123321533,-8.205025672912598,-6.8582048416137695,-8.205025672912598,-7.036713123321533,-8.736520767211914,-8.205025672912598,-7.477328300476074,0.0,0.0,0.0,0.0,0.6191234588623047,without
74,A,The doctor retired without recommending any treatment.,-1.5619984865188599,-1.7785893678665161,-1.8743722438812256,-1.7034788131713867,-1.6505930423736572,-2.336911916732788,-2.2195825576782227,-3.3988430500030518,-1.89851713180542,-1.7603644132614136,-6.249804973602295,0.5689895153045654,1.695364236831665,0.11992776393890381,0.10977137088775635,3.912893056869507,without
74,C,The doctor retired after recommending any treatment.,-9.63176441192627,-8.624192237854004,-9.011597633361816,-8.785124778747559,-7.951903343200684,-7.430028438568115,-7.951903343200684,-8.785124778747559,-8.624192237854004,-7.951903343200684,-7.071371078491211,0.0,0.0,0.0,0.0,-0.3586573600769043,without
75,A,The company expanded without hiring any contractors.,-2.294163227081299,-2.1434788703918457,-2.216827630996704,-2.450819969177246,-2.6235692501068115,-2.439924478530884,-4.389467239379883,-6.296758651733398,-2.279823064804077,-2.6235692501068115,-8.228668212890625,1.7658979892730713,3.8459386825561523,0.13634419441223145,0.0,5.788743734359741,without
75,C,The company expanded after hiring any contractors.,-14.644027709960938,-14.985523223876953,-16.042245864868164,-15.947874069213867,-12.956473350524902,-12.961236000061035,-12.956473350524902,-15.947874069213867,-14.985523223876953,-12.956473350524902,-12.929265975952148,0.0,0.0,0.0,0.0,-0.03197002410888672,without
76,A,The researcher published without finding any evidence.,-2.510138511657715,-2.786219596862793,-2.7112326622009277,-2.8413245677948,-2.2642197608947754,-3.2636160850524902,-2.888242483139038,-4.751820087432861,-2.9430127143859863,-2.2642197608947754,-6.280841827392578,0.6240227222442627,1.9104955196380615,0.15679311752319336,0.0,3.017225742340088,without
76,C,The researcher published after finding any evidence.,-8.405447959899902,-8.34189510345459,-8.987835884094238,-9.257720947265625,-9.507685661315918,-8.87295150756836,-9.507685661315918,-9.257720947265625,-8.34189510345459,-9.507685661315918,-8.230273246765137,0.0,0.0,0.0,0.0,-0.6426782608032227,without
77,A,The inspector left without noticing any damage.,-3.187075138092041,-2.9268312454223633,-3.196866512298584,-3.033154249191284,-3.22745418548584,-2.9473891258239746,-3.942448616027832,-4.650815963745117,-3.001880645751953,-3.22745418548584,-7.123744487762451,0.7149944305419922,1.617661714553833,0.07504940032958984,0.0,4.176355361938477,without
77,C,The inspector left after noticing any damage.,-10.570948600769043,-10.31383991241455,-10.606830596923828,-9.593982696533203,-11.289539337158203,-9.252368927001953,-11.289539337158203,-9.593982696533203,-10.31383991241455,-11.289539337158203,-10.177778244018555,0.0,0.0,0.0,0.0,0.9254093170166016,without
78,A,The lawyer rested without raising any objections.,-1.4609590768814087,-1.2609708309173584,-1.511956810951233,-1.5788906812667847,-1.5209554433822632,-1.5899157524108887,-2.851069450378418,-3.9868507385253906,-1.2968897819519043,-1.5209554433822632,-6.063236236572266,1.3301140069961548,2.407960057258606,0.0359189510345459,0.0,4.473320484161377,without
78,C,The lawyer rested after raising any objections.,-10.862883567810059,-9.660560607910156,-9.573224067687988,-8.944589614868164,-10.91915512084961,-7.876643657684326,-10.91915512084961,-8.944589614868164,-9.660560607910156,-10.91915512084961,-8.990568161010742,0.0,0.0,0.0,0.0,1.113924503326416,without
79,A,The engineer shipped without detecting any flaws.,-3.0396227836608887,-2.6271965503692627,-2.927640676498413,-3.2808315753936768,-2.856156349182129,-3.056886672973633,-3.5146946907043457,-5.147446632385254,-2.78263783454895,-2.856156349182129,-4.906589984893799,0.6585383415222168,1.8666150569915771,0.1554412841796875,0.0,1.849703311920166,without
79,C,The engineer shipped after detecting any flaws.,-7.245579719543457,-6.922725200653076,-7.577454090118408,-7.062450408935547,-7.527705669403076,-7.534069538116455,-7.527705669403076,-7.062450408935547,-6.922725200653076,-7.527705669403076,-7.643185138702393,0.0,0.0,0.0,0.0,0.1091156005859375,without
80,A,The auditor signed off without flagging any discrepancies.,-1.0939083099365234,-1.289385437965393,-1.0900516510009766,-1.0843019485473633,-1.1246143579483032,-1.9348753690719604,-1.757814884185791,-2.589210033416748,-1.3864719867706299,-1.1680964231491089,-4.166097640991211,0.6332005262374878,1.5049080848693848,0.09708654880523682,0.043482065200805664,2.2312222719192505,without
80,C,The auditor signed off after flagging any discrepancies.,-9.27927303314209,-10.436179161071777,-8.806873321533203,-9.49137020111084,-9.416991233825684,-10.094244003295898,-9.416991233825684,-9.49137020111084,-10.436179161071777,-9.416991233825684,-9.690935134887695,0.0,0.0,0.0,0.0,-0.4033088684082031,without
