item,condition,environment,recon_L12,recon_L14,recon_L16,recon_L18,recon_all_inv,ablate_L12_F56118_unlic,ablate_L14_F33172_unlic,ablate_L16_F44439_unlic,ablate_L18_F30313_unlic,ablate_INV_COMBINED,effect_L12_F56118_unlic,effect_L14_F33172_unlic,effect_L16_F44439_unlic,effect_L18_F30313_unlic,effect_INV_COMBINED
1,A,sentential_negation,-4.597323417663574,-4.178833484649658,-3.7266483306884766,-4.013101577758789,-3.122722864151001,-4.597323417663574,-4.178833484649658,-3.7266483306884766,-4.013101577758789,-3.122722864151001,0.0,0.0,0.0,0.0,0.0
1,B,sentential_negation,-7.22298526763916,-7.131079196929932,-7.3180766105651855,-6.5177412033081055,-6.570372581481934,-7.22298526763916,-7.131079196929932,-7.3180766105651855,-6.5177412033081055,-6.570372581481934,0.0,0.0,0.0,0.0,0.0
1,C,sentential_negation,-8.021778106689453,-8.463241577148438,-6.672366142272949,-6.933359622955322,-6.155279636383057,-7.672765731811523,-8.105549812316895,-6.583003997802734,-6.7822723388671875,-6.010166645050049,-0.3490123748779297,-0.35769176483154297,-0.08936214447021484,-0.15108728408813477,-0.1451129913330078
2,A,sentential_negation,-1.9444150924682617,-1.8381187915802002,-1.6817446947097778,-1.756547212600708,-2.5917811393737793,-1.9444150924682617,-1.8381187915802002,-1.6817446947097778,-1.756547212600708,-2.5917811393737793,0.0,0.0,0.0,0.0,0.0
2,B,sentential_negation,-10.190534591674805,-10.261861801147461,-10.260786056518555,-9.272491455078125,-8.203174591064453,-10.190534591674805,-10.261861801147461,-10.260786056518555,-9.272491455078125,-8.203174591064453,0.0,0.0,0.0,0.0,0.0
2,C,sentential_negation,-11.072787284851074,-10.203640937805176,-10.488297462463379,-9.264427185058594,-9.238236427307129,-11.072787284851074,-10.203640937805176,-10.488297462463379,-9.264427185058594,-9.238236427307129,0.0,0.0,0.0,0.0,0.0
3,A,sentential_negation,-2.3350534439086914,-2.6139328479766846,-2.9580135345458984,-2.5536935329437256,-2.9577620029449463,-2.3350534439086914,-2.6139328479766846,-2.9580135345458984,-2.5536935329437256,-2.9577620029449463,0.0,0.0,0.0,0.0,0.0
3,B,sentential_negation,-8.641226768493652,-8.038832664489746,-8.755388259887695,-7.444576263427734,-6.01669979095459,-8.641226768493652,-8.038832664489746,-8.755388259887695,-7.444576263427734,-6.01669979095459,0.0,0.0,0.0,0.0,0.0
3,C,sentential_negation,-6.311685562133789,-6.751568794250488,-7.343141555786133,-7.463576316833496,-6.0457844734191895,-6.485964775085449,-6.7986955642700195,-7.2071452140808105,-7.156978130340576,-5.706599235534668,0.17427921295166016,0.04712677001953125,-0.13599634170532227,-0.3065981864929199,-0.3391852378845215
4,A,sentential_negation,-1.815645694732666,-2.1302571296691895,-2.0186004638671875,-1.9577946662902832,-2.8103551864624023,-1.815645694732666,-2.1302571296691895,-2.0186004638671875,-1.9577946662902832,-2.8103551864624023,0.0,0.0,0.0,0.0,0.0
4,B,sentential_negation,-6.095939636230469,-6.569769382476807,-6.489925861358643,-6.541464805603027,-6.620433807373047,-6.095939636230469,-6.569769382476807,-6.489925861358643,-6.541464805603027,-6.620433807373047,0.0,0.0,0.0,0.0,0.0
4,C,sentential_negation,-10.256087303161621,-10.395523071289062,-10.069965362548828,-8.69970989227295,-8.959941864013672,-10.256087303161621,-10.395523071289062,-10.069965362548828,-8.69970989227295,-8.959941864013672,0.0,0.0,0.0,0.0,0.0
5,A,sentential_negation,-2.0853114128112793,-2.252910614013672,-2.1766409873962402,-2.059783935546875,-2.4293341636657715,-2.0853114128112793,-2.252910614013672,-2.1766409873962402,-2.059783935546875,-2.4293341636657715,0.0,0.0,0.0,0.0,0.0
5,B,sentential_negation,-10.603797912597656,-10.608283996582031,-10.637028694152832,-9.693076133728027,-6.8816680908203125,-10.603797912597656,-10.608283996582031,-10.637028694152832,-9.693076133728027,-6.8816680908203125,0.0,0.0,0.0,0.0,0.0
5,C,sentential_negation,-8.423587799072266,-8.95228385925293,-9.653304100036621,-9.201583862304688,-7.701302528381348,-9.767754554748535,-9.78840160369873,-10.312689781188965,-9.277697563171387,-7.417532444000244,1.3441667556762695,0.8361177444458008,0.6593856811523438,0.07611370086669922,-0.2837700843811035
6,A,sentential_negation,-1.2096648216247559,-1.2950938940048218,-0.9611128568649292,-1.0006756782531738,-1.2650628089904785,-1.2096648216247559,-1.2950938940048218,-0.9611128568649292,-1.0006756782531738,-1.2650628089904785,0.0,0.0,0.0,0.0,0.0
6,B,sentential_negation,-7.655864715576172,-7.329225540161133,-8.405083656311035,-6.018666744232178,-7.927333831787109,-7.655864715576172,-7.329225540161133,-8.405083656311035,-6.018666744232178,-7.927333831787109,0.0,0.0,0.0,0.0,0.0
6,C,sentential_negation,-7.987576484680176,-8.520992279052734,-6.850553512573242,-8.941547393798828,-9.104544639587402,-10.344464302062988,-9.982824325561523,-7.698836326599121,-9.313881874084473,-8.71688175201416,2.3568878173828125,1.461832046508789,0.8482828140258789,0.37233448028564453,-0.3876628875732422
7,A,sentential_negation,-2.0651793479919434,-2.116760730743408,-2.0799312591552734,-1.963014841079712,-2.284761667251587,-2.0651793479919434,-2.116760730743408,-2.0799312591552734,-1.963014841079712,-2.284761667251587,0.0,0.0,0.0,0.0,0.0
7,B,sentential_negation,-7.797964096069336,-7.922002792358398,-6.327042579650879,-7.887782096862793,-7.856533050537109,-7.797964096069336,-7.922002792358398,-6.327042579650879,-7.887782096862793,-7.856533050537109,0.0,0.0,0.0,0.0,0.0
7,C,sentential_negation,-7.60879373550415,-6.994090557098389,-6.0775017738342285,-6.390939712524414,-6.7062458992004395,-8.212833404541016,-7.633073806762695,-6.427786350250244,-6.385627746582031,-6.935567855834961,0.6040396690368652,0.6389832496643066,0.3502845764160156,-0.0053119659423828125,0.22932195663452148
8,A,sentential_negation,-1.2728873491287231,-1.556234359741211,-1.1864209175109863,-1.0451056957244873,-1.8291478157043457,-1.2728873491287231,-1.556234359741211,-1.1864209175109863,-1.0451056957244873,-1.8291478157043457,0.0,0.0,0.0,0.0,0.0
8,B,sentential_negation,-7.523159980773926,-7.6576337814331055,-8.062230110168457,-8.336942672729492,-5.387308597564697,-7.523159980773926,-7.6576337814331055,-8.062230110168457,-8.336942672729492,-5.387308597564697,0.0,0.0,0.0,0.0,0.0
8,C,sentential_negation,-6.34130859375,-8.207125663757324,-5.969714164733887,-6.515476226806641,-7.806031227111816,-8.336806297302246,-9.406909942626953,-6.684471130371094,-6.699513912200928,-6.46512508392334,1.995497703552246,1.199784278869629,0.714756965637207,0.1840376853942871,-1.3409061431884766
9,A,sentential_negation,-1.111743688583374,-1.0753614902496338,-0.945551872253418,-1.2028034925460815,-1.239173412322998,-1.111743688583374,-1.0753614902496338,-0.945551872253418,-1.2028034925460815,-1.239173412322998,0.0,0.0,0.0,0.0,0.0
9,B,sentential_negation,-8.048748016357422,-8.882919311523438,-7.773575305938721,-8.85594367980957,-7.280567646026611,-8.048748016357422,-8.882919311523438,-7.773575305938721,-8.85594367980957,-7.280567646026611,0.0,0.0,0.0,0.0,0.0
9,C,sentential_negation,-7.045355796813965,-7.679200172424316,-7.604331016540527,-7.5341691970825195,-7.241782188415527,-8.345014572143555,-8.458184242248535,-8.051642417907715,-7.664065837860107,-6.79066801071167,1.2996587753295898,0.7789840698242188,0.4473114013671875,0.1298966407775879,-0.4511141777038574
10,A,sentential_negation,-1.6525816917419434,-1.8616070747375488,-1.5767700672149658,-1.522654414176941,-2.1887407302856445,-1.6525816917419434,-1.8616070747375488,-1.5767700672149658,-1.522654414176941,-2.1887407302856445,0.0,0.0,0.0,0.0,0.0
10,B,sentential_negation,-8.300177574157715,-8.457019805908203,-8.388751983642578,-8.97928237915039,-7.6269025802612305,-8.300177574157715,-8.457019805908203,-8.388751983642578,-8.97928237915039,-7.6269025802612305,0.0,0.0,0.0,0.0,0.0
10,C,sentential_negation,-6.2415971755981445,-6.398437023162842,-5.490547180175781,-6.737492561340332,-5.617442607879639,-7.162492752075195,-7.494288921356201,-5.993309497833252,-6.777815341949463,-6.046095848083496,0.9208955764770508,1.0958518981933594,0.5027623176574707,0.04032278060913086,0.4286532402038574
11,A,sentential_negation,-1.8645350933074951,-2.0925941467285156,-1.7219140529632568,-2.1723411083221436,-2.3097338676452637,-1.8645350933074951,-2.0925941467285156,-1.7219140529632568,-2.1723411083221436,-2.3097338676452637,0.0,0.0,0.0,0.0,0.0
11,B,sentential_negation,-5.709831237792969,-5.967247009277344,-6.529547691345215,-7.000367641448975,-7.152465343475342,-5.709831237792969,-5.967247009277344,-6.529547691345215,-7.000367641448975,-7.152465343475342,0.0,0.0,0.0,0.0,0.0
11,C,sentential_negation,-10.709107398986816,-10.740303039550781,-10.591302871704102,-10.291604042053223,-7.803948879241943,-10.709107398986816,-10.740303039550781,-10.591302871704102,-10.291604042053223,-7.803948879241943,0.0,0.0,0.0,0.0,0.0
12,A,sentential_negation,-1.4073853492736816,-1.2225170135498047,-1.0283806324005127,-1.0955588817596436,-1.926589846611023,-1.4073853492736816,-1.2225170135498047,-1.0283806324005127,-1.0955588817596436,-1.926589846611023,0.0,0.0,0.0,0.0,0.0
12,B,sentential_negation,-7.369080066680908,-7.621654510498047,-7.793996334075928,-6.532715320587158,-5.150652885437012,-7.369080066680908,-7.621654510498047,-7.793996334075928,-6.532715320587158,-5.150652885437012,0.0,0.0,0.0,0.0,0.0
12,C,sentential_negation,-5.402513027191162,-5.073101997375488,-4.423101902008057,-5.848415374755859,-5.310128211975098,-6.658698081970215,-5.889342308044434,-4.9119110107421875,-5.969295501708984,-5.687709808349609,1.2561850547790527,0.8162403106689453,0.48880910873413086,0.120880126953125,0.3775815963745117
13,A,sentential_negation,-2.6981406211853027,-2.5076425075531006,-3.032689332962036,-2.8777151107788086,-3.173457145690918,-2.6981406211853027,-2.5076425075531006,-3.032689332962036,-2.8777151107788086,-3.173457145690918,0.0,0.0,0.0,0.0,0.0
13,B,sentential_negation,-7.427063941955566,-7.507347583770752,-6.9977874755859375,-7.23171329498291,-7.670968532562256,-7.427063941955566,-7.507347583770752,-6.9977874755859375,-7.23171329498291,-7.670968532562256,0.0,0.0,0.0,0.0,0.0
13,C,sentential_negation,-8.565523147583008,-8.373847007751465,-7.891639709472656,-8.170860290527344,-8.368071556091309,-8.565523147583008,-8.373847007751465,-7.891639709472656,-8.170860290527344,-8.368071556091309,0.0,0.0,0.0,0.0,0.0
14,A,sentential_negation,-2.0583739280700684,-2.0383949279785156,-2.3326706886291504,-1.9530106782913208,-2.495750904083252,-2.0583739280700684,-2.0383949279785156,-2.3326706886291504,-1.9530106782913208,-2.495750904083252,0.0,0.0,0.0,0.0,0.0
14,B,sentential_negation,-9.655019760131836,-9.27550983428955,-9.152935028076172,-9.176669120788574,-7.599752426147461,-9.655019760131836,-9.27550983428955,-9.152935028076172,-9.176669120788574,-7.599752426147461,0.0,0.0,0.0,0.0,0.0
14,C,sentential_negation,-7.618707656860352,-8.125800132751465,-6.943633556365967,-7.98442268371582,-6.248397350311279,-8.848613739013672,-9.127001762390137,-7.434241771697998,-8.133209228515625,-7.201608657836914,1.2299060821533203,1.0012016296386719,0.49060821533203125,0.1487865447998047,0.9532113075256348
15,A,sentential_negation,-2.9765586853027344,-3.074967861175537,-3.268242359161377,-3.187199354171753,-3.2084827423095703,-2.9765586853027344,-3.074967861175537,-3.268242359161377,-3.187199354171753,-3.2084827423095703,0.0,0.0,0.0,0.0,0.0
15,B,sentential_negation,-8.94565200805664,-8.222593307495117,-8.98207950592041,-8.474337577819824,-6.883136749267578,-8.94565200805664,-8.222593307495117,-8.98207950592041,-8.474337577819824,-6.883136749267578,0.0,0.0,0.0,0.0,0.0
15,C,sentential_negation,-7.970117092132568,-8.295764923095703,-7.4449591636657715,-7.861617565155029,-7.040530204772949,-8.699174880981445,-8.852800369262695,-7.9851603507995605,-8.052092552185059,-7.447005271911621,0.729057788848877,0.5570354461669922,0.5402011871337891,0.1904749870300293,0.4064750671386719
16,A,sentential_negation,-3.856827735900879,-3.5537400245666504,-3.6611151695251465,-3.8821606636047363,-3.1154873371124268,-3.856827735900879,-3.5537400245666504,-3.6611151695251465,-3.8821606636047363,-3.1154873371124268,0.0,0.0,0.0,0.0,0.0
16,B,sentential_negation,-9.588480949401855,-9.315369606018066,-9.59731674194336,-11.090328216552734,-7.0186333656311035,-9.588480949401855,-9.315369606018066,-9.59731674194336,-11.090328216552734,-7.0186333656311035,0.0,0.0,0.0,0.0,0.0
16,C,sentential_negation,-10.730918884277344,-9.590768814086914,-10.454048156738281,-9.960652351379395,-7.2726640701293945,-10.730918884277344,-9.590768814086914,-10.454048156738281,-9.960652351379395,-7.2726640701293945,0.0,0.0,0.0,0.0,0.0
17,A,sentential_negation,-1.9896891117095947,-2.0014395713806152,-1.921221137046814,-1.705923080444336,-2.8185672760009766,-1.9896891117095947,-2.0014395713806152,-1.921221137046814,-1.705923080444336,-2.8185672760009766,0.0,0.0,0.0,0.0,0.0
17,B,sentential_negation,-8.818052291870117,-9.51818561553955,-8.078536987304688,-8.968424797058105,-8.520764350891113,-8.818052291870117,-9.51818561553955,-8.078536987304688,-8.968424797058105,-8.520764350891113,0.0,0.0,0.0,0.0,0.0
17,C,sentential_negation,-4.573179244995117,-4.812867164611816,-6.057731628417969,-5.171310901641846,-6.054699897766113,-6.484993934631348,-5.337558746337891,-6.81724739074707,-5.653369426727295,-7.003866195678711,1.9118146896362305,0.5246915817260742,0.7595157623291016,0.4820585250854492,0.9491662979125977
18,A,sentential_negation,-1.1965728998184204,-1.295271873474121,-1.225864052772522,-1.1396796703338623,-1.6376631259918213,-1.1965728998184204,-1.295271873474121,-1.225864052772522,-1.1396796703338623,-1.6376631259918213,0.0,0.0,0.0,0.0,0.0
18,B,sentential_negation,-7.971783638000488,-8.065539360046387,-7.867827892303467,-8.524946212768555,-6.425911903381348,-7.971783638000488,-8.065539360046387,-7.867827892303467,-8.524946212768555,-6.425911903381348,0.0,0.0,0.0,0.0,0.0
18,C,sentential_negation,-6.6192779541015625,-6.852972030639648,-6.692846298217773,-6.330567359924316,-6.663390636444092,-9.401775360107422,-8.73631763458252,-7.603634834289551,-6.560210227966309,-7.26603889465332,2.7824974060058594,1.883345603942871,0.9107885360717773,0.2296428680419922,0.6026482582092285
19,A,sentential_negation,-1.6904823780059814,-1.6945446729660034,-1.5726866722106934,-1.4948902130126953,-1.8334307670593262,-1.6904823780059814,-1.6945446729660034,-1.5726866722106934,-1.4948902130126953,-1.8334307670593262,0.0,0.0,0.0,0.0,0.0
19,B,sentential_negation,-7.446806907653809,-7.905621528625488,-7.071054458618164,-6.359352111816406,-7.122532367706299,-7.446806907653809,-7.905621528625488,-7.071054458618164,-6.359352111816406,-7.122532367706299,0.0,0.0,0.0,0.0,0.0
19,C,sentential_negation,-8.857719421386719,-7.901484966278076,-7.426609992980957,-8.393293380737305,-6.315739631652832,-9.562950134277344,-8.31325912475586,-7.7977824211120605,-8.25259017944336,-7.469873428344727,0.705230712890625,0.4117741584777832,0.3711724281311035,-0.1407032012939453,1.1541337966918945
20,A,sentential_negation,-1.8678456544876099,-1.9700405597686768,-1.9775328636169434,-2.202561616897583,-2.2756619453430176,-1.8678456544876099,-1.9700405597686768,-1.9775328636169434,-2.202561616897583,-2.2756619453430176,0.0,0.0,0.0,0.0,0.0
20,B,sentential_negation,-5.623439788818359,-5.884840965270996,-4.930179595947266,-4.669159412384033,-5.517923355102539,-5.623439788818359,-5.884840965270996,-4.930179595947266,-4.669159412384033,-5.517923355102539,0.0,0.0,0.0,0.0,0.0
20,C,sentential_negation,-10.367829322814941,-10.288565635681152,-9.336527824401855,-8.655450820922852,-7.807827472686768,-10.367829322814941,-10.288565635681152,-9.336527824401855,-8.655450820922852,-7.807827472686768,0.0,0.0,0.0,0.0,0.0
21,A,sentential_negation,-2.196465253829956,-2.28446102142334,-2.3680925369262695,-2.3793187141418457,-2.867701292037964,-2.196465253829956,-2.28446102142334,-2.3680925369262695,-2.3793187141418457,-2.867701292037964,0.0,0.0,0.0,0.0,0.0
21,B,sentential_negation,-12.100475311279297,-12.956764221191406,-12.289660453796387,-12.47386646270752,-11.137825012207031,-12.100475311279297,-12.956764221191406,-12.289660453796387,-12.47386646270752,-11.137825012207031,0.0,0.0,0.0,0.0,0.0
21,C,sentential_negation,-9.81420612335205,-10.180675506591797,-9.977249145507812,-9.953059196472168,-8.08526611328125,-10.51516342163086,-10.566116333007812,-10.364824295043945,-9.94379711151123,-8.301562309265137,0.7009572982788086,0.3854408264160156,0.3875751495361328,-0.0092620849609375,0.21629619598388672
22,A,sentential_negation,-4.007017135620117,-3.9452736377716064,-3.865062713623047,-4.1534857749938965,-3.4485931396484375,-4.007017135620117,-3.9452736377716064,-3.865062713623047,-4.1534857749938965,-3.4485931396484375,0.0,0.0,0.0,0.0,0.0
22,B,sentential_negation,-7.89503812789917,-7.587285995483398,-7.775973320007324,-7.03190803527832,-6.480855941772461,-7.89503812789917,-7.587285995483398,-7.775973320007324,-7.03190803527832,-6.480855941772461,0.0,0.0,0.0,0.0,0.0
22,C,sentential_negation,-8.208905220031738,-8.163825988769531,-7.2163166999816895,-8.271249771118164,-8.33945369720459,-8.915364265441895,-8.370732307434082,-7.357956886291504,-8.1371431350708,-7.176368236541748,0.7064590454101562,0.20690631866455078,0.14164018630981445,-0.13410663604736328,-1.1630854606628418
23,A,sentential_negation,-0.5641317367553711,-0.6929616928100586,-0.531996488571167,-0.675486147403717,-1.1723175048828125,-0.5641317367553711,-0.6929616928100586,-0.531996488571167,-0.675486147403717,-1.1723175048828125,0.0,0.0,0.0,0.0,0.0
23,B,sentential_negation,-6.944674015045166,-6.29848051071167,-7.194553375244141,-6.959907531738281,-7.518551349639893,-6.944674015045166,-6.29848051071167,-7.194553375244141,-6.959907531738281,-7.518551349639893,0.0,0.0,0.0,0.0,0.0
23,C,sentential_negation,-10.00510311126709,-9.19924545288086,-9.262478828430176,-10.231756210327148,-9.0389404296875,-10.00510311126709,-9.19924545288086,-9.262478828430176,-10.231756210327148,-9.0389404296875,0.0,0.0,0.0,0.0,0.0
24,A,sentential_negation,-2.547837257385254,-2.6976852416992188,-2.3485171794891357,-2.7254133224487305,-2.322693347930908,-2.547837257385254,-2.6976852416992188,-2.3485171794891357,-2.7254133224487305,-2.322693347930908,0.0,0.0,0.0,0.0,0.0
24,B,sentential_negation,-8.055352210998535,-7.646191596984863,-8.003202438354492,-7.938520431518555,-6.337192535400391,-8.055352210998535,-7.646191596984863,-8.003202438354492,-7.938520431518555,-6.337192535400391,0.0,0.0,0.0,0.0,0.0
24,C,sentential_negation,-7.921453475952148,-8.034507751464844,-7.295623779296875,-8.25464153289795,-6.7691569328308105,-9.421258926391602,-9.156899452209473,-8.233987808227539,-8.557382583618164,-7.050328731536865,1.4998054504394531,1.122391700744629,0.9383640289306641,0.30274105072021484,0.2811717987060547
25,A,sentential_negation,-3.4628710746765137,-3.2992310523986816,-3.2010884284973145,-3.090656280517578,-3.0192503929138184,-3.4628710746765137,-3.2992310523986816,-3.2010884284973145,-3.090656280517578,-3.0192503929138184,0.0,0.0,0.0,0.0,0.0
25,B,sentential_negation,-6.9682207107543945,-6.825279712677002,-6.972140312194824,-6.827498912811279,-5.969626426696777,-6.9682207107543945,-6.825279712677002,-6.972140312194824,-6.827498912811279,-5.969626426696777,0.0,0.0,0.0,0.0,0.0
25,C,sentential_negation,-8.803943634033203,-8.171085357666016,-7.092201232910156,-8.27118968963623,-7.353555202484131,-9.152026176452637,-8.542654991149902,-7.291548728942871,-8.312702178955078,-7.177075386047363,0.3480825424194336,0.3715696334838867,0.19934749603271484,0.041512489318847656,-0.17647981643676758
26,A,no_subject,-4.213021278381348,-4.347090721130371,-3.6803336143493652,-3.505350112915039,-4.144327163696289,-4.213021278381348,-4.347090721130371,-3.6803336143493652,-3.505350112915039,-4.144327163696289,0.0,0.0,0.0,0.0,0.0
26,B,no_subject,-5.225656032562256,-4.56270694732666,-5.509162902832031,-4.561973571777344,-5.361066818237305,-5.225656032562256,-4.56270694732666,-5.509162902832031,-4.561973571777344,-5.361066818237305,0.0,0.0,0.0,0.0,0.0
26,C,no_subject,-8.929569244384766,-9.036044120788574,-7.870641708374023,-6.986788749694824,-6.733187675476074,-8.929569244384766,-9.036044120788574,-7.870641708374023,-6.986788749694824,-6.733187675476074,0.0,0.0,0.0,0.0,0.0
27,A,no_subject,-3.7119879722595215,-4.269986152648926,-3.837494373321533,-4.766949653625488,-3.7027742862701416,-3.7119879722595215,-4.269986152648926,-3.837494373321533,-4.766949653625488,-3.7027742862701416,0.0,0.0,0.0,0.0,0.0
27,B,no_subject,-4.535613536834717,-4.910731315612793,-5.945471286773682,-5.338265419006348,-6.61525821685791,-4.535613536834717,-4.910731315612793,-5.945471286773682,-5.338265419006348,-6.61525821685791,0.0,0.0,0.0,0.0,0.0
27,C,no_subject,-10.335160255432129,-9.923160552978516,-10.41901683807373,-9.820337295532227,-8.340591430664062,-10.335160255432129,-9.923160552978516,-10.41901683807373,-9.820337295532227,-8.340591430664062,0.0,0.0,0.0,0.0,0.0
28,A,no_subject,-3.641632080078125,-4.02574348449707,-3.9516429901123047,-3.9081132411956787,-3.5158331394195557,-3.641632080078125,-4.02574348449707,-3.9516429901123047,-3.9081132411956787,-3.5158331394195557,0.0,0.0,0.0,0.0,0.0
28,B,no_subject,-6.3037495613098145,-5.579082012176514,-6.14321756362915,-5.818024635314941,-5.520606994628906,-6.3037495613098145,-5.579082012176514,-6.14321756362915,-5.818024635314941,-5.520606994628906,0.0,0.0,0.0,0.0,0.0
28,C,no_subject,-8.708015441894531,-8.417191505432129,-9.50885009765625,-8.94950008392334,-6.323774814605713,-8.708015441894531,-8.417191505432129,-9.50885009765625,-8.94950008392334,-6.323774814605713,0.0,0.0,0.0,0.0,0.0
29,A,no_subject,-3.32102370262146,-3.837575912475586,-3.485868215560913,-3.435636043548584,-4.500781059265137,-3.32102370262146,-3.837575912475586,-3.485868215560913,-3.435636043548584,-4.500781059265137,0.0,0.0,0.0,0.0,0.0
29,B,no_subject,-6.393186569213867,-5.393795013427734,-5.450827121734619,-5.4043402671813965,-6.204712390899658,-6.393186569213867,-5.393795013427734,-5.450827121734619,-5.4043402671813965,-6.204712390899658,0.0,0.0,0.0,0.0,0.0
29,C,no_subject,-11.617488861083984,-11.36892318725586,-9.647324562072754,-9.107748985290527,-8.139457702636719,-11.617488861083984,-11.36892318725586,-9.647324562072754,-9.107748985290527,-8.139457702636719,0.0,0.0,0.0,0.0,0.0
30,A,no_subject,-4.439424991607666,-4.4672393798828125,-4.777186393737793,-4.579507827758789,-4.168733596801758,-4.439424991607666,-4.4672393798828125,-4.777186393737793,-4.579507827758789,-4.168733596801758,0.0,0.0,0.0,0.0,0.0
30,B,no_subject,-8.143594741821289,-6.913104057312012,-10.19013500213623,-11.006104469299316,-7.139286994934082,-8.143594741821289,-6.913104057312012,-10.19013500213623,-11.006104469299316,-7.139286994934082,0.0,0.0,0.0,0.0,0.0
30,C,no_subject,-14.008058547973633,-13.323753356933594,-13.534083366394043,-13.130906105041504,-10.698812484741211,-14.008058547973633,-13.323753356933594,-13.534083366394043,-13.130906105041504,-10.698812484741211,0.0,0.0,0.0,0.0,0.0
31,A,no_subject,-3.202890157699585,-2.911736488342285,-3.1021525859832764,-2.519202709197998,-3.5873427391052246,-3.202890157699585,-2.911736488342285,-3.1021525859832764,-2.519202709197998,-3.5873427391052246,0.0,0.0,0.0,0.0,0.0
31,B,no_subject,-4.602944374084473,-4.669184684753418,-3.8311853408813477,-4.467039108276367,-5.032279014587402,-4.602944374084473,-4.669184684753418,-3.8311853408813477,-4.467039108276367,-5.032279014587402,0.0,0.0,0.0,0.0,0.0
31,C,no_subject,-11.606685638427734,-12.265524864196777,-12.17039966583252,-11.488195419311523,-11.024532318115234,-11.606685638427734,-12.265524864196777,-12.17039966583252,-11.488195419311523,-11.024532318115234,0.0,0.0,0.0,0.0,0.0
32,A,no_subject,-2.261044502258301,-2.4364192485809326,-2.3234007358551025,-2.6539549827575684,-2.8224105834960938,-2.261044502258301,-2.4364192485809326,-2.3234007358551025,-2.6539549827575684,-2.8224105834960938,0.0,0.0,0.0,0.0,0.0
32,B,no_subject,-5.158158302307129,-5.041630744934082,-5.505128383636475,-5.487637996673584,-6.149717330932617,-5.158158302307129,-5.041630744934082,-5.505128383636475,-5.487637996673584,-6.149717330932617,0.0,0.0,0.0,0.0,0.0
32,C,no_subject,-11.929020881652832,-10.758955001831055,-10.927660942077637,-10.558995246887207,-7.8919358253479,-11.929020881652832,-10.758955001831055,-10.927660942077637,-10.558995246887207,-7.8919358253479,0.0,0.0,0.0,0.0,0.0
33,A,no_subject,-2.4405417442321777,-2.2286524772644043,-2.0673017501831055,-2.270458459854126,-2.456345796585083,-2.4405417442321777,-2.2286524772644043,-2.0673017501831055,-2.270458459854126,-2.456345796585083,0.0,0.0,0.0,0.0,0.0
33,B,no_subject,-6.421178817749023,-8.04611873626709,-8.377612113952637,-8.256256103515625,-7.139291763305664,-6.421178817749023,-8.04611873626709,-8.377612113952637,-8.256256103515625,-7.139291763305664,0.0,0.0,0.0,0.0,0.0
33,C,no_subject,-11.97573184967041,-11.283857345581055,-11.233720779418945,-9.781058311462402,-10.277105331420898,-11.97573184967041,-11.283857345581055,-11.233720779418945,-9.781058311462402,-10.277105331420898,0.0,0.0,0.0,0.0,0.0
34,A,no_subject,-2.455625057220459,-2.2346553802490234,-2.1557178497314453,-2.213615894317627,-3.516815423965454,-2.455625057220459,-2.2346553802490234,-2.1557178497314453,-2.213615894317627,-3.516815423965454,0.0,0.0,0.0,0.0,0.0
34,B,no_subject,-6.174337863922119,-7.3537702560424805,-7.026978492736816,-6.834148406982422,-5.159154415130615,-6.174337863922119,-7.3537702560424805,-7.026978492736816,-6.834148406982422,-5.159154415130615,0.0,0.0,0.0,0.0,0.0
34,C,no_subject,-9.736205101013184,-9.079727172851562,-8.266878128051758,-8.192492485046387,-7.6560516357421875,-9.736205101013184,-9.079727172851562,-8.266878128051758,-8.192492485046387,-7.6560516357421875,0.0,0.0,0.0,0.0,0.0
35,A,no_subject,-1.2908227443695068,-1.2595694065093994,-1.230881929397583,-1.921883463859558,-2.1219394207000732,-1.2908227443695068,-1.2595694065093994,-1.230881929397583,-1.921883463859558,-2.1219394207000732,0.0,0.0,0.0,0.0,0.0
35,B,no_subject,-7.809593200683594,-7.198946952819824,-8.166587829589844,-8.437728881835938,-6.767181396484375,-7.809593200683594,-7.198946952819824,-8.166587829589844,-8.437728881835938,-6.767181396484375,0.0,0.0,0.0,0.0,0.0
35,C,no_subject,-10.034271240234375,-9.708312034606934,-10.267422676086426,-10.738039016723633,-9.302227020263672,-10.034271240234375,-9.708312034606934,-10.267422676086426,-10.738039016723633,-9.302227020263672,0.0,0.0,0.0,0.0,0.0
36,A,no_subject,-4.646414279937744,-4.817499160766602,-4.150366306304932,-4.2629780769348145,-5.112210273742676,-4.646414279937744,-4.817499160766602,-4.150366306304932,-4.2629780769348145,-5.112210273742676,0.0,0.0,0.0,0.0,0.0
36,B,no_subject,-6.124224662780762,-6.106391429901123,-5.947714328765869,-5.939448356628418,-6.217531681060791,-6.124224662780762,-6.106391429901123,-5.947714328765869,-5.939448356628418,-6.217531681060791,0.0,0.0,0.0,0.0,0.0
36,C,no_subject,-10.524764060974121,-10.073537826538086,-9.603769302368164,-10.073203086853027,-7.51536226272583,-10.524764060974121,-10.073537826538086,-9.603769302368164,-10.073203086853027,-7.51536226272583,0.0,0.0,0.0,0.0,0.0
37,A,no_subject,-3.9176859855651855,-3.531663179397583,-3.4859046936035156,-4.140436172485352,-5.28094482421875,-3.9176859855651855,-3.531663179397583,-3.4859046936035156,-4.140436172485352,-5.28094482421875,0.0,0.0,0.0,0.0,0.0
37,B,no_subject,-7.8129401206970215,-7.220724582672119,-7.258645057678223,-7.772720813751221,-6.853476524353027,-7.8129401206970215,-7.220724582672119,-7.258645057678223,-7.772720813751221,-6.853476524353027,0.0,0.0,0.0,0.0,0.0
37,C,no_subject,-11.938558578491211,-11.638691902160645,-11.067413330078125,-11.00464153289795,-8.713770866394043,-11.938558578491211,-11.638691902160645,-11.067413330078125,-11.00464153289795,-8.713770866394043,0.0,0.0,0.0,0.0,0.0
38,A,no_subject,-4.3944501876831055,-4.294116020202637,-4.355726718902588,-4.486136436462402,-3.785195827484131,-4.3944501876831055,-4.294116020202637,-4.355726718902588,-4.486136436462402,-3.785195827484131,0.0,0.0,0.0,0.0,0.0
38,B,no_subject,-8.341719627380371,-7.81182336807251,-8.877440452575684,-10.236961364746094,-6.282667636871338,-8.341719627380371,-7.81182336807251,-8.877440452575684,-10.236961364746094,-6.282667636871338,0.0,0.0,0.0,0.0,0.0
38,C,no_subject,-11.963055610656738,-12.696203231811523,-11.014065742492676,-11.124602317810059,-9.049307823181152,-11.963055610656738,-12.696203231811523,-11.014065742492676,-11.124602317810059,-9.049307823181152,0.0,0.0,0.0,0.0,0.0
39,A,no_subject,-3.5501322746276855,-3.725419521331787,-3.9534692764282227,-3.59004545211792,-3.0313339233398438,-3.5501322746276855,-3.725419521331787,-3.9534692764282227,-3.59004545211792,-3.0313339233398438,0.0,0.0,0.0,0.0,0.0
39,B,no_subject,-6.887392044067383,-6.3392181396484375,-6.420525074005127,-7.912859916687012,-5.4047369956970215,-6.887392044067383,-6.3392181396484375,-6.420525074005127,-7.912859916687012,-5.4047369956970215,0.0,0.0,0.0,0.0,0.0
39,C,no_subject,-12.277640342712402,-11.486042022705078,-10.739054679870605,-8.83524227142334,-8.449545860290527,-12.277640342712402,-11.486042022705078,-10.739054679870605,-8.83524227142334,-8.449545860290527,0.0,0.0,0.0,0.0,0.0
40,A,no_subject,-3.220311164855957,-3.212041139602661,-3.260918140411377,-3.3012466430664062,-2.8252077102661133,-3.220311164855957,-3.212041139602661,-3.260918140411377,-3.3012466430664062,-2.8252077102661133,0.0,0.0,0.0,0.0,0.0
40,B,no_subject,-7.215198993682861,-7.364863395690918,-8.38676643371582,-8.516024589538574,-7.3429694175720215,-7.215198993682861,-7.364863395690918,-8.38676643371582,-8.516024589538574,-7.3429694175720215,0.0,0.0,0.0,0.0,0.0
40,C,no_subject,-11.419408798217773,-11.020606994628906,-10.590167045593262,-11.400423049926758,-10.801580429077148,-11.419408798217773,-11.020606994628906,-10.590167045593262,-11.400423049926758,-10.801580429077148,0.0,0.0,0.0,0.0,0.0
41,A,few_subject,-6.406466007232666,-6.027677536010742,-6.0770039558410645,-5.986742973327637,-4.769972801208496,-6.406466007232666,-6.027677536010742,-6.0770039558410645,-5.986742973327637,-4.769972801208496,0.0,0.0,0.0,0.0,0.0
41,B,few_subject,-7.236835479736328,-6.682382106781006,-6.292654037475586,-6.05593204498291,-6.3568339347839355,-7.236835479736328,-6.682382106781006,-6.292654037475586,-6.05593204498291,-6.3568339347839355,0.0,0.0,0.0,0.0,0.0
41,C,few_subject,-11.480976104736328,-11.129112243652344,-10.845423698425293,-10.10353946685791,-7.510005950927734,-11.480976104736328,-11.129112243652344,-10.845423698425293,-10.10353946685791,-7.510005950927734,0.0,0.0,0.0,0.0,0.0
42,A,few_subject,-5.495867729187012,-5.793758869171143,-5.158402919769287,-6.0999321937561035,-4.744309425354004,-5.495867729187012,-5.793758869171143,-5.158402919769287,-6.0999321937561035,-4.744309425354004,0.0,0.0,0.0,0.0,0.0
42,B,few_subject,-6.5684614181518555,-6.244682788848877,-7.511502742767334,-8.08463191986084,-7.540219306945801,-6.5684614181518555,-6.244682788848877,-7.511502742767334,-8.08463191986084,-7.540219306945801,0.0,0.0,0.0,0.0,0.0
42,C,few_subject,-14.189838409423828,-12.71627426147461,-12.257574081420898,-12.458452224731445,-8.295371055603027,-14.189838409423828,-12.71627426147461,-12.257574081420898,-12.458452224731445,-8.295371055603027,0.0,0.0,0.0,0.0,0.0
43,A,few_subject,-5.756617546081543,-6.371235370635986,-5.477104187011719,-5.80744743347168,-4.734309673309326,-5.756617546081543,-6.371235370635986,-5.477104187011719,-5.80744743347168,-4.734309673309326,0.0,0.0,0.0,0.0,0.0
43,B,few_subject,-7.305330753326416,-6.9381794929504395,-6.996341705322266,-6.74597692489624,-6.461569786071777,-7.305330753326416,-6.9381794929504395,-6.996341705322266,-6.74597692489624,-6.461569786071777,0.0,0.0,0.0,0.0,0.0
43,C,few_subject,-11.182443618774414,-10.252985000610352,-10.866655349731445,-9.73945140838623,-8.142801284790039,-11.182443618774414,-10.252985000610352,-10.866655349731445,-9.73945140838623,-8.142801284790039,0.0,0.0,0.0,0.0,0.0
44,A,few_subject,-4.771157741546631,-4.283876419067383,-4.393144607543945,-4.180844306945801,-5.122485637664795,-4.771157741546631,-4.283876419067383,-4.393144607543945,-4.180844306945801,-5.122485637664795,0.0,0.0,0.0,0.0,0.0
44,B,few_subject,-8.201339721679688,-8.477594375610352,-7.423952102661133,-7.513082504272461,-7.509509563446045,-8.201339721679688,-8.477594375610352,-7.423952102661133,-7.513082504272461,-7.509509563446045,0.0,0.0,0.0,0.0,0.0
44,C,few_subject,-13.251713752746582,-13.007463455200195,-11.38174819946289,-10.464223861694336,-9.69190788269043,-13.251713752746582,-13.007463455200195,-11.38174819946289,-10.464223861694336,-9.69190788269043,0.0,0.0,0.0,0.0,0.0
45,A,few_subject,-5.332610607147217,-6.260181427001953,-5.526712894439697,-5.357837200164795,-4.68765926361084,-5.332610607147217,-6.260181427001953,-5.526712894439697,-5.357837200164795,-4.68765926361084,0.0,0.0,0.0,0.0,0.0
45,B,few_subject,-10.338318824768066,-10.644238471984863,-12.46017837524414,-12.101247787475586,-8.292132377624512,-10.338318824768066,-10.644238471984863,-12.46017837524414,-12.101247787475586,-8.292132377624512,0.0,0.0,0.0,0.0,0.0
45,C,few_subject,-15.250999450683594,-15.001729965209961,-15.046154022216797,-14.024340629577637,-12.088685035705566,-15.250999450683594,-15.001729965209961,-15.046154022216797,-14.024340629577637,-12.088685035705566,0.0,0.0,0.0,0.0,0.0
46,A,few_subject,-3.62886905670166,-3.234300374984741,-3.529171943664551,-3.553708553314209,-5.404662132263184,-3.62886905670166,-3.234300374984741,-3.529171943664551,-3.553708553314209,-5.404662132263184,0.0,0.0,0.0,0.0,0.0
46,B,few_subject,-6.342984199523926,-6.179357051849365,-6.807863235473633,-8.125741004943848,-7.197335243225098,-6.342984199523926,-6.179357051849365,-6.807863235473633,-8.125741004943848,-7.197335243225098,0.0,0.0,0.0,0.0,0.0
46,C,few_subject,-13.325575828552246,-12.689798355102539,-13.033821105957031,-13.328118324279785,-10.300653457641602,-13.325575828552246,-12.689798355102539,-13.033821105957031,-13.328118324279785,-10.300653457641602,0.0,0.0,0.0,0.0,0.0
47,A,few_subject,-3.0088272094726562,-2.4194703102111816,-3.076401948928833,-3.6975831985473633,-4.281235694885254,-3.0088272094726562,-2.4194703102111816,-3.076401948928833,-3.6975831985473633,-4.281235694885254,0.0,0.0,0.0,0.0,0.0
47,B,few_subject,-7.982348442077637,-7.846303939819336,-8.13675594329834,-7.968879222869873,-6.6113691329956055,-7.982348442077637,-7.846303939819336,-8.13675594329834,-7.968879222869873,-6.6113691329956055,0.0,0.0,0.0,0.0,0.0
47,C,few_subject,-13.029857635498047,-12.046073913574219,-12.243947982788086,-12.034149169921875,-8.5713472366333,-13.029857635498047,-12.046073913574219,-12.243947982788086,-12.034149169921875,-8.5713472366333,0.0,0.0,0.0,0.0,0.0
48,A,few_subject,-4.00518798828125,-5.038888931274414,-4.416813373565674,-3.749485969543457,-3.9055776596069336,-4.00518798828125,-5.038888931274414,-4.416813373565674,-3.749485969543457,-3.9055776596069336,0.0,0.0,0.0,0.0,0.0
48,B,few_subject,-9.801274299621582,-9.76311206817627,-10.153755187988281,-9.5506010055542,-8.152875900268555,-9.801274299621582,-9.76311206817627,-10.153755187988281,-9.5506010055542,-8.152875900268555,0.0,0.0,0.0,0.0,0.0
48,C,few_subject,-14.357674598693848,-13.957687377929688,-13.774238586425781,-12.779847145080566,-10.941526412963867,-14.357674598693848,-13.957687377929688,-13.774238586425781,-12.779847145080566,-10.941526412963867,0.0,0.0,0.0,0.0,0.0
49,A,few_subject,-3.866682529449463,-3.0767273902893066,-3.282407760620117,-3.591067314147949,-4.71651554107666,-3.866682529449463,-3.0767273902893066,-3.282407760620117,-3.591067314147949,-4.71651554107666,0.0,0.0,0.0,0.0,0.0
49,B,few_subject,-7.141545295715332,-7.17527961730957,-6.4292683601379395,-6.463939189910889,-5.912323951721191,-7.141545295715332,-7.17527961730957,-6.4292683601379395,-6.463939189910889,-5.912323951721191,0.0,0.0,0.0,0.0,0.0
49,C,few_subject,-11.812661170959473,-12.15127182006836,-11.026092529296875,-10.72993278503418,-8.00405216217041,-11.812661170959473,-12.15127182006836,-11.026092529296875,-10.72993278503418,-8.00405216217041,0.0,0.0,0.0,0.0,0.0
50,A,few_subject,-4.312813758850098,-4.157201290130615,-3.186861515045166,-4.319896697998047,-5.996185302734375,-4.312813758850098,-4.157201290130615,-3.186861515045166,-4.319896697998047,-5.996185302734375,0.0,0.0,0.0,0.0,0.0
50,B,few_subject,-7.839449405670166,-8.287808418273926,-9.123700141906738,-7.819419860839844,-6.673102855682373,-7.839449405670166,-8.287808418273926,-9.123700141906738,-7.819419860839844,-6.673102855682373,0.0,0.0,0.0,0.0,0.0
50,C,few_subject,-11.314263343811035,-11.351591110229492,-11.195474624633789,-12.030040740966797,-10.835387229919434,-11.314263343811035,-11.351591110229492,-11.195474624633789,-12.030040740966797,-10.835387229919434,0.0,0.0,0.0,0.0,0.0
51,A,few_subject,-5.850240707397461,-5.718300819396973,-6.127663612365723,-4.819664001464844,-4.442578315734863,-5.850240707397461,-5.718300819396973,-6.127663612365723,-4.819664001464844,-4.442578315734863,0.0,0.0,0.0,0.0,0.0
51,B,few_subject,-7.6236467361450195,-7.264121055603027,-7.623782634735107,-7.6377692222595215,-6.438807487487793,-7.6236467361450195,-7.264121055603027,-7.623782634735107,-7.6377692222595215,-6.438807487487793,0.0,0.0,0.0,0.0,0.0
51,C,few_subject,-11.379420280456543,-10.813429832458496,-9.843600273132324,-9.075714111328125,-7.46690034866333,-11.379420280456543,-10.813429832458496,-9.843600273132324,-9.075714111328125,-7.46690034866333,0.0,0.0,0.0,0.0,0.0
52,A,few_subject,-5.443779468536377,-4.922889709472656,-5.175375938415527,-5.960336208343506,-5.900115489959717,-5.443779468536377,-4.922889709472656,-5.175375938415527,-5.960336208343506,-5.900115489959717,0.0,0.0,0.0,0.0,0.0
52,B,few_subject,-10.991079330444336,-10.485411643981934,-10.713719367980957,-9.479948997497559,-8.518000602722168,-10.991079330444336,-10.485411643981934,-10.713719367980957,-9.479948997497559,-8.518000602722168,0.0,0.0,0.0,0.0,0.0
52,C,few_subject,-13.37216567993164,-12.957624435424805,-13.152937889099121,-12.824475288391113,-9.332056999206543,-13.37216567993164,-12.957624435424805,-13.152937889099121,-12.824475288391113,-9.332056999206543,0.0,0.0,0.0,0.0,0.0
53,A,few_subject,-5.412962436676025,-6.040142059326172,-5.191685676574707,-5.746464729309082,-5.368757247924805,-5.412962436676025,-6.040142059326172,-5.191685676574707,-5.746464729309082,-5.368757247924805,0.0,0.0,0.0,0.0,0.0
53,B,few_subject,-8.807624816894531,-9.930718421936035,-9.718440055847168,-10.84085464477539,-6.748934745788574,-8.807624816894531,-9.930718421936035,-9.718440055847168,-10.84085464477539,-6.748934745788574,0.0,0.0,0.0,0.0,0.0
53,C,few_subject,-14.136481285095215,-14.92365837097168,-13.90754508972168,-14.879554748535156,-10.651505470275879,-14.136481285095215,-14.92365837097168,-13.90754508972168,-14.879554748535156,-10.651505470275879,0.0,0.0,0.0,0.0,0.0
54,A,few_subject,-5.291204452514648,-6.071269989013672,-5.454203128814697,-5.085925102233887,-5.211494445800781,-5.291204452514648,-6.071269989013672,-5.454203128814697,-5.085925102233887,-5.211494445800781,0.0,0.0,0.0,0.0,0.0
54,B,few_subject,-9.3833589553833,-8.839777946472168,-8.004295349121094,-8.262167930603027,-6.472929954528809,-9.3833589553833,-8.839777946472168,-8.004295349121094,-8.262167930603027,-6.472929954528809,0.0,0.0,0.0,0.0,0.0
54,C,few_subject,-12.939350128173828,-12.696035385131836,-12.471396446228027,-12.399319648742676,-9.03626537322998,-12.939350128173828,-12.696035385131836,-12.471396446228027,-12.399319648742676,-9.03626537322998,0.0,0.0,0.0,0.0,0.0
55,A,few_subject,-4.932788372039795,-5.23884391784668,-4.845616340637207,-4.78932523727417,-3.9196434020996094,-4.932788372039795,-5.23884391784668,-4.845616340637207,-4.78932523727417,-3.9196434020996094,0.0,0.0,0.0,0.0,0.0
55,B,few_subject,-9.330780982971191,-9.445192337036133,-9.907246589660645,-10.195427894592285,-8.204573631286621,-9.330780982971191,-9.445192337036133,-9.907246589660645,-10.195427894592285,-8.204573631286621,0.0,0.0,0.0,0.0,0.0
55,C,few_subject,-13.227595329284668,-12.77380084991455,-12.420251846313477,-11.568227767944336,-9.046036720275879,-13.227595329284668,-12.77380084991455,-12.420251846313477,-11.568227767944336,-9.046036720275879,0.0,0.0,0.0,0.0,0.0
56,A,question,-5.620168685913086,-5.319231033325195,-4.623340606689453,-4.365667343139648,-4.488691806793213,-5.620168685913086,-5.319231033325195,-4.623340606689453,-4.365667343139648,-4.488691806793213,0.0,0.0,0.0,0.0,0.0
56,C,question,-8.929569244384766,-9.036044120788574,-7.870641708374023,-6.986788749694824,-6.733187675476074,-8.929569244384766,-9.036044120788574,-7.870641708374023,-6.986788749694824,-6.733187675476074,0.0,0.0,0.0,0.0,0.0
57,A,question,-4.824987411499023,-4.004731178283691,-3.8660082817077637,-4.1410322189331055,-4.279329776763916,-4.824987411499023,-4.004731178283691,-3.8660082817077637,-4.1410322189331055,-4.279329776763916,0.0,0.0,0.0,0.0,0.0
57,C,question,-10.335160255432129,-9.923160552978516,-10.41901683807373,-9.820337295532227,-8.340591430664062,-10.335160255432129,-9.923160552978516,-10.41901683807373,-9.820337295532227,-8.340591430664062,0.0,0.0,0.0,0.0,0.0
58,A,question,-2.7836296558380127,-3.054324150085449,-2.864729404449463,-2.7652485370635986,-3.539870023727417,-2.7836296558380127,-3.054324150085449,-2.863165855407715,-2.7652485370635986,-3.539870023727417,0.0,0.0,-0.0015635490417480469,0.0,0.0
58,C,question,-8.708015441894531,-8.417191505432129,-9.50885009765625,-8.94950008392334,-6.323774814605713,-8.708015441894531,-8.417191505432129,-9.50885009765625,-8.94950008392334,-6.323774814605713,0.0,0.0,0.0,0.0,0.0
59,A,question,-2.4130678176879883,-2.1180620193481445,-1.5072296857833862,-2.1340205669403076,-3.367194175720215,-2.4130678176879883,-2.1180620193481445,-1.5072296857833862,-2.1340205669403076,-3.367194175720215,0.0,0.0,0.0,0.0,0.0
59,C,question,-11.617488861083984,-11.36892318725586,-9.647324562072754,-9.107748985290527,-8.139457702636719,-11.617488861083984,-11.36892318725586,-9.647324562072754,-9.107748985290527,-8.139457702636719,0.0,0.0,0.0,0.0,0.0
60,A,question,-3.9619274139404297,-3.863802433013916,-3.5749003887176514,-4.125299453735352,-3.9894051551818848,-3.9619274139404297,-3.863802433013916,-3.5833258628845215,-4.125299453735352,-3.9894051551818848,0.0,0.0,0.008425474166870117,0.0,0.0
60,C,question,-14.008058547973633,-13.323753356933594,-13.534083366394043,-13.130906105041504,-10.698812484741211,-14.008058547973633,-13.323753356933594,-13.534083366394043,-13.130906105041504,-10.698812484741211,0.0,0.0,0.0,0.0,0.0
61,A,question,-1.8791396617889404,-2.1628966331481934,-1.840399146080017,-1.7451355457305908,-2.3901877403259277,-1.8791396617889404,-2.1628966331481934,-1.840399146080017,-1.7451355457305908,-2.3901877403259277,0.0,0.0,0.0,0.0,0.0
61,C,question,-11.606685638427734,-12.265524864196777,-12.17039966583252,-11.488195419311523,-11.024532318115234,-11.606685638427734,-12.265524864196777,-12.17039966583252,-11.488195419311523,-11.024532318115234,0.0,0.0,0.0,0.0,0.0
62,A,question,-1.8573800325393677,-1.669837236404419,-1.727919578552246,-1.6359165906906128,-2.383068561553955,-1.8573800325393677,-1.669837236404419,-1.727919578552246,-1.6359165906906128,-2.383068561553955,0.0,0.0,0.0,0.0,0.0
62,C,question,-11.929020881652832,-10.758955001831055,-10.927660942077637,-10.558995246887207,-7.8919358253479,-11.929020881652832,-10.758955001831055,-10.927660942077637,-10.558995246887207,-7.8919358253479,0.0,0.0,0.0,0.0,0.0
63,A,question,-2.3723487854003906,-2.3551716804504395,-2.119642734527588,-2.274963855743408,-4.148725509643555,-2.3723487854003906,-2.3551716804504395,-2.119642734527588,-2.274963855743408,-4.148725509643555,0.0,0.0,0.0,0.0,0.0
63,C,question,-11.97573184967041,-11.283857345581055,-11.233720779418945,-9.781058311462402,-10.277105331420898,-11.97573184967041,-11.283857345581055,-11.233720779418945,-9.781058311462402,-10.277105331420898,0.0,0.0,0.0,0.0,0.0
64,A,question,-2.3403303623199463,-1.7213714122772217,-1.6732925176620483,-1.7442240715026855,-2.7910120487213135,-2.3403303623199463,-1.7213714122772217,-1.6732925176620483,-1.7442240715026855,-2.7910120487213135,0.0,0.0,0.0,0.0,0.0
64,C,question,-9.736205101013184,-9.079727172851562,-8.266878128051758,-8.192492485046387,-7.6560516357421875,-9.736205101013184,-9.079727172851562,-8.266878128051758,-8.192492485046387,-7.6560516357421875,0.0,0.0,0.0,0.0,0.0
65,A,question,-1.6408900022506714,-1.9647091627120972,-1.869436264038086,-1.8540616035461426,-3.353790760040283,-1.6408900022506714,-1.9647091627120972,-1.869436264038086,-1.8540616035461426,-3.353790760040283,0.0,0.0,0.0,0.0,0.0
65,C,question,-10.034271240234375,-9.708312034606934,-10.267422676086426,-10.738039016723633,-9.302227020263672,-10.034271240234375,-9.708312034606934,-10.267422676086426,-10.738039016723633,-9.302227020263672,0.0,0.0,0.0,0.0,0.0
66,A,question,-5.50652551651001,-5.3606061935424805,-4.865716457366943,-4.445653915405273,-4.9554362297058105,-5.50652551651001,-5.3606061935424805,-4.865716457366943,-4.445653915405273,-4.9554362297058105,0.0,0.0,0.0,0.0,0.0
66,C,question,-10.524764060974121,-10.073537826538086,-9.603769302368164,-10.073203086853027,-7.51536226272583,-10.524764060974121,-10.073537826538086,-9.603769302368164,-10.073203086853027,-7.51536226272583,0.0,0.0,0.0,0.0,0.0
67,A,question,-10.26913070678711,-8.7926025390625,-9.285195350646973,-9.125062942504883,-10.119277954101562,-10.26913070678711,-8.7926025390625,-9.285195350646973,-9.125062942504883,-10.119277954101562,0.0,0.0,0.0,0.0,0.0
67,C,question,-11.938558578491211,-11.638691902160645,-11.067413330078125,-11.00464153289795,-8.713770866394043,-11.938558578491211,-11.638691902160645,-11.067413330078125,-11.00464153289795,-8.713770866394043,0.0,0.0,0.0,0.0,0.0
68,A,question,-5.3022894859313965,-5.60222053527832,-5.913692474365234,-5.131258964538574,-5.247135162353516,-5.3022894859313965,-5.60222053527832,-5.913692474365234,-5.131258964538574,-5.247135162353516,0.0,0.0,0.0,0.0,0.0
68,C,question,-11.963055610656738,-12.696203231811523,-11.014065742492676,-11.124602317810059,-9.049307823181152,-11.963055610656738,-12.696203231811523,-11.014065742492676,-11.124602317810059,-9.049307823181152,0.0,0.0,0.0,0.0,0.0
69,A,question,-2.9589614868164062,-3.112071990966797,-3.296140193939209,-3.416541814804077,-3.9679861068725586,-2.9589614868164062,-3.112071990966797,-3.296140193939209,-3.416541814804077,-3.9679861068725586,0.0,0.0,0.0,0.0,0.0
69,C,question,-12.277640342712402,-11.486042022705078,-10.739054679870605,-8.83524227142334,-8.449545860290527,-12.277640342712402,-11.486042022705078,-10.739054679870605,-8.83524227142334,-8.449545860290527,0.0,0.0,0.0,0.0,0.0
70,A,question,-3.555468797683716,-3.432178497314453,-3.1648998260498047,-3.4509873390197754,-3.479762077331543,-3.555468797683716,-3.432178497314453,-3.1648998260498047,-3.4509873390197754,-3.479762077331543,0.0,0.0,0.0,0.0,0.0
70,C,question,-11.419408798217773,-11.020606994628906,-10.590167045593262,-11.400423049926758,-10.801580429077148,-11.419408798217773,-11.020606994628906,-10.590167045593262,-11.400423049926758,-10.801580429077148,0.0,0.0,0.0,0.0,0.0
71,A,without,-3.2114429473876953,-3.2653720378875732,-2.8966078758239746,-2.9783527851104736,-3.202394962310791,-3.2114429473876953,-3.2653720378875732,-2.8966078758239746,-2.9783527851104736,-3.202394962310791,0.0,0.0,0.0,0.0,0.0
71,C,without,-10.110499382019043,-9.30429458618164,-8.94432258605957,-9.17245101928711,-6.810575485229492,-10.110499382019043,-9.30429458618164,-8.94432258605957,-9.17245101928711,-6.810575485229492,0.0,0.0,0.0,0.0,0.0
72,A,without,-1.4289978742599487,-1.7233723402023315,-1.5417827367782593,-1.4970088005065918,-1.7988173961639404,-1.4289978742599487,-1.7233723402023315,-1.5417827367782593,-1.4970088005065918,-1.7988173961639404,0.0,0.0,0.0,0.0,0.0
72,C,without,-9.519150733947754,-9.354848861694336,-8.72695255279541,-7.8853278160095215,-7.255917549133301,-9.519150733947754,-9.354848861694336,-8.72695255279541,-7.8853278160095215,-7.255917549133301,0.0,0.0,0.0,0.0,0.0
73,A,without,-2.0996992588043213,-2.4785940647125244,-2.5471420288085938,-2.3542048931121826,-2.603433609008789,-2.0996992588043213,-2.4785940647125244,-2.5471420288085938,-2.3542048931121826,-2.603433609008789,0.0,0.0,0.0,0.0,0.0
73,C,without,-8.780560493469238,-8.736520767211914,-8.193832397460938,-9.111827850341797,-6.915036201477051,-8.780560493469238,-8.736520767211914,-8.193832397460938,-9.111827850341797,-6.915036201477051,0.0,0.0,0.0,0.0,0.0
74,A,without,-1.5657777786254883,-1.7785893678665161,-1.8132266998291016,-1.8743722438812256,-2.0465784072875977,-1.5657777786254883,-1.7785893678665161,-1.8132266998291016,-1.8743722438812256,-2.0465784072875977,0.0,0.0,0.0,0.0,0.0
74,C,without,-9.878556251525879,-8.624192237854004,-9.161844253540039,-9.011597633361816,-6.9231367111206055,-9.878556251525879,-8.624192237854004,-9.161844253540039,-9.011597633361816,-6.9231367111206055,0.0,0.0,0.0,0.0,0.0
75,A,without,-2.033381462097168,-2.1434788703918457,-2.4364073276519775,-2.216827630996704,-1.9527232646942139,-2.033381462097168,-2.1434788703918457,-2.4364073276519775,-2.216827630996704,-1.9527232646942139,0.0,0.0,0.0,0.0,0.0
75,C,without,-14.222112655639648,-14.985523223876953,-15.10596752166748,-16.042245864868164,-14.149470329284668,-14.222112655639648,-14.985523223876953,-15.10596752166748,-16.042245864868164,-14.149470329284668,0.0,0.0,0.0,0.0,0.0
76,A,without,-2.3489913940429688,-2.786219596862793,-2.522871971130371,-2.7112326622009277,-3.0182151794433594,-2.3489913940429688,-2.786219596862793,-2.522871971130371,-2.7112326622009277,-3.0182151794433594,0.0,0.0,0.0,0.0,0.0
76,C,without,-8.321992874145508,-8.34189510345459,-9.19050121307373,-8.987835884094238,-7.912381649017334,-8.321992874145508,-8.34189510345459,-9.19050121307373,-8.987835884094238,-7.912381649017334,0.0,0.0,0.0,0.0,0.0
77,A,without,-2.9804880619049072,-2.9268312454223633,-3.1459360122680664,-3.196866512298584,-3.4958863258361816,-2.9804880619049072,-2.9268312454223633,-3.1459360122680664,-3.196866512298584,-3.4958863258361816,0.0,0.0,0.0,0.0,0.0
77,C,without,-11.228529930114746,-10.31383991241455,-9.99683666229248,-10.606830596923828,-8.75639820098877,-11.228529930114746,-10.31383991241455,-9.99683666229248,-10.606830596923828,-8.75639820098877,0.0,0.0,0.0,0.0,0.0
78,A,without,-1.1613078117370605,-1.2609708309173584,-1.3466335535049438,-1.511956810951233,-1.7382248640060425,-1.1613078117370605,-1.2609708309173584,-1.3466335535049438,-1.511956810951233,-1.7382248640060425,0.0,0.0,0.0,0.0,0.0
78,C,without,-10.258773803710938,-9.660560607910156,-10.75537395477295,-9.573224067687988,-7.898253917694092,-10.258773803710938,-9.660560607910156,-10.75537395477295,-9.573224067687988,-7.898253917694092,0.0,0.0,0.0,0.0,0.0
79,A,without,-2.687872886657715,-2.6271965503692627,-2.5592987537384033,-2.927640676498413,-3.6463851928710938,-2.687872886657715,-2.6271965503692627,-2.5592987537384033,-2.927640676498413,-3.6463851928710938,0.0,0.0,0.0,0.0,0.0
79,C,without,-7.391500949859619,-6.922725200653076,-6.83929967880249,-7.577454090118408,-6.791141986846924,-7.391500949859619,-6.922725200653076,-6.83929967880249,-7.577454090118408,-6.791141986846924,0.0,0.0,0.0,0.0,0.0
80,A,without,-1.1745752096176147,-1.289385437965393,-1.1491265296936035,-1.0900516510009766,-1.8215726613998413,-1.1745752096176147,-1.289385437965393,-1.1491265296936035,-1.0900516510009766,-1.8215726613998413,0.0,0.0,0.0,0.0,0.0
80,C,without,-9.187321662902832,-10.436179161071777,-9.833901405334473,-8.806873321533203,-6.844718933105469,-9.187321662902832,-10.436179161071777,-9.833901405334473,-8.806873321533203,-6.844718933105469,0.0,0.0,0.0,0.0,0.0
